الترتيب,الرمز,الاسم,القطاع,السعر,التغير_20ساعة_%,RSI14,الدرجة,التصنيف,تجميع_ذكي,سيولة_ذكية,تشبع_بيع_وارتداد,اختراق_فني,بنية_الاتجاه,عقوبة_تصريف,أسباب_الاختيار
1,2370,مسك,السلع الرأسمالية,35.4,14.2,79.7,62.8,✅ زخم صاعد عام,30.0,12.8,5.0,10.0,5.0,0.0,📦 تدفق نقدي إيجابي مستمر (CMF≈+0.26) يدل على تجميع | 📈 مؤشر OBV في صعود مستمر خلال 20 جلسة | 💧 حجم أيام الصعود أعلى من النزول بنسبة 1.2x خلال 10 جلسات | 🔊 تسارع نشاط التداول: متوسط 5 أيام أعلى من متوسط 20 يوماً بـ1.6x | 🕯️ شمعة انعكاسية صعودية (ذيل سفلي طويل + إغلاق قوي) خلال آخر 3 جلسات | 👀 السهم يقترب من اختراق قمة 20 جلسة | 📐 السعر أعلى من المتوسط المتحرك 50 يوم
2,2080,الغاز,المرافق العامة,63.7,5.4,71.7,61.2,📦 تجميع هادئ,27.3,13.9,5.0,10.0,5.0,0.0,📦 تدفق نقدي إيجابي مستمر (CMF≈+0.15) يدل على تجميع | 📈 مؤشر OBV في صعود مستمر خلال 20 جلسة | 💧 حجم أيام الصعود أعلى من النزول بنسبة 2.3x خلال 10 جلسات | 🕯️ شمعة انعكاسية صعودية (ذيل سفلي طويل + إغلاق قوي) خلال آخر 3 جلسات | 👀 السهم يقترب من اختراق قمة 20 جلسة | 📐 السعر أعلى من المتوسط المتحرك 50 يوم
3,1302,بوان,السلع الرأسمالية,37.9,8.0,63.9,60.5,✅ زخم صاعد عام,26.7,13.7,5.0,5.0,10.0,0.0,📦 تدفق نقدي إيجابي مستمر (CMF≈+0.13) يدل على تجميع | 📈 مؤشر OBV في صعود مستمر خلال 20 جلسة | 💧 حجم أيام الصعود أعلى من النزول بنسبة 1.6x خلال 10 جلسات | 🔊 تسارع نشاط التداول: متوسط 5 أيام أعلى من متوسط 20 يوماً بـ1.2x | 🕯️ شمعة انعكاسية صعودية (ذيل سفلي طويل + إغلاق قوي) خلال آخر 3 جلسات | 📐 ترتيب صاعد للمتوسطات: السعر > متوسط 50 > متوسط 100 يوم
4,2110,الكابلات السعودية,السلع الرأسمالية,183.9,2.6,68.3,54.1,👀 متابعة,9.1,20.0,0.0,15.0,10.0,0.0,💧 حجم أيام الصعود أعلى من النزول بنسبة 12.3x خلال 10 جلسات | 🔊 تسارع نشاط التداول: متوسط 5 أيام أعلى من متوسط 20 يوماً بـ2.7x | 👀 السهم يقترب من اختراق قمة 20 جلسة | 📊 تقاطع MACD صعودي حديث (زخم إيجابي متجدد) | 📐 ترتيب صاعد للمتوسطات: السعر > متوسط 50 > متوسط 100 يوم
5,2100,وفرة,إنتاج الأغذية,22.83,7.3,82.9,53.6,👀 متابعة,14.4,19.2,0.0,10.0,10.0,0.0,📈 مؤشر OBV في صعود مستمر خلال 20 جلسة | 💧 حجم أيام الصعود أعلى من النزول بنسبة 10.1x خلال 10 جلسات | 🔊 تسارع نشاط التداول: متوسط 5 أيام أعلى من متوسط 20 يوماً بـ1.7x | 👀 السهم يقترب من اختراق قمة 20 جلسة | 📐 ترتيب صاعد للمتوسطات: السعر > متوسط 50 > متوسط 100 يوم
6,4130,درب السعودية,الخدمات المالية,2.25,3.2,55.3,51.9,📦 تجميع هادئ,22.8,19.0,0.0,5.0,5.0,0.0,📦 تدفق نقدي إيجابي مستمر (CMF≈+0.28) يدل على تجميع | 📈 مؤشر OBV في صعود مستمر خلال 20 جلسة مع تماسك سعري هادئ (تجميع بصمت) | 💧 حجم أيام الصعود أعلى من النزول بنسبة 1.7x خلال 10 جلسات | 🔊 تسارع نشاط التداول: متوسط 5 أيام أعلى من متوسط 20 يوماً بـ3.0x | 📐 السعر أعلى من المتوسط المتحرك 50 يوم
7,3040,أسمنت القصيم,المواد الأساسية,45.28,0.6,54.5,51.7,📦 تجميع هادئ,28.6,8.1,0.0,5.0,10.0,0.0,📦 تدفق نقدي إيجابي مستمر (CMF≈+0.17) يدل على تجميع | 📈 مؤشر OBV في صعود مستمر خلال 20 جلسة مع تماسك سعري هادئ (تجميع بصمت) | 💧 حجم أيام الصعود أعلى من النزول بنسبة 1.2x خلال 10 جلسات | 👀 السهم يقترب من اختراق قمة 20 جلسة | 📐 ترتيب صاعد للمتوسطات: السعر > متوسط 50 > متوسط 100 يوم
8,7211,عزم,التطبيقات وخدمات التقنية,26.48,5.1,68.3,51.3,👀 متابعة,17.9,13.4,5.0,5.0,10.0,0.0,📦 تدفق نقدي إيجابي مستمر (CMF≈+0.21) يدل على تجميع | 💧 حجم أيام الصعود أعلى من النزول بنسبة 1.7x خلال 10 جلسات | 🕯️ شمعة انعكاسية صعودية (ذيل سفلي طويل + إغلاق قوي) خلال آخر 3 جلسات | 👀 السهم يقترب من اختراق قمة 20 جلسة | 📐 ترتيب صاعد للمتوسطات: السعر > متوسط 50 > متوسط 100 يوم
9,4016,أفالون فارما,الأدوية,66.65,7.0,75.5,51.2,👀 متابعة,17.7,13.5,0.0,10.0,10.0,0.0,📦 تدفق نقدي إيجابي مستمر (CMF≈+0.32) يدل على تجميع | 💧 حجم أيام الصعود أعلى من النزول بنسبة 2.1x خلال 10 جلسات | 👀 السهم يقترب من اختراق قمة 20 جلسة | 📐 ترتيب صاعد للمتوسطات: السعر > متوسط 50 > متوسط 100 يوم
10,4081,النايفات,الخدمات المالية,10.05,-0.4,44.5,51.1,👀 متابعة,16.5,19.6,5.1,0.0,10.0,0.0,📦 تدفق نقدي إيجابي مستمر (CMF≈+0.15) يدل على تجميع | 📈 مؤشر OBV في صعود مستمر خلال 20 جلسة مع تماسك سعري هادئ (تجميع بصمت) | 💧 حجم أيام الصعود أعلى من النزول بنسبة 6.5x خلال 10 جلسات | 🔊 تسارع نشاط التداول: متوسط 5 أيام أعلى من متوسط 20 يوماً بـ1.7x | 🕯️ شمعة انعكاسية صعودية (ذيل سفلي طويل + إغلاق قوي) خلال آخر 3 جلسات | 📐 ترتيب صاعد للمتوسطات: السعر > متوسط 50 > متوسط 100 يوم
11,4320,الأندلس,إدارة وتطوير العقارات,15.15,-0.3,53.6,51.0,📦 تجميع هادئ,19.0,12.0,5.0,5.0,10.0,0.0,📦 تدفق نقدي إيجابي مستمر (CMF≈+0.09) يدل على تجميع | 📈 مؤشر OBV في صعود مستمر خلال 20 جلسة مع تماسك سعري هادئ (تجميع بصمت) | 💧 حجم أيام الصعود أعلى من النزول بنسبة 2.4x خلال 10 جلسات | 🕯️ شمعة انعكاسية صعودية (ذيل سفلي طويل + إغلاق قوي) خلال آخر 3 جلسات | 👀 السهم يقترب من اختراق قمة 20 جلسة | 📐 ترتيب صاعد للمتوسطات: السعر > متوسط 50 > متوسط 100 يوم
12,2284,المطاحن الحديثة,إنتاج الأغذية,27.74,0.1,52.0,50.7,📦 تجميع هادئ,28.9,11.8,0.0,5.0,5.0,0.0,📦 تدفق نقدي إيجابي مستمر (CMF≈+0.18) يدل على تجميع | 📈 مؤشر OBV في صعود مستمر خلال 20 جلسة مع تماسك سعري هادئ (تجميع بصمت) | 💧 حجم أيام الصعود أعلى من النزول بنسبة 1.8x خلال 10 جلسات | 👀 السهم يقترب من اختراق قمة 20 جلسة | 📐 السعر أعلى من المتوسط المتحرك 50 يوم
13,7204,توبي,التطبيقات وخدمات التقنية,6.76,3.0,50.8,48.4,📦 تجميع هادئ,21.5,11.9,5.0,0.0,10.0,0.0,📈 مؤشر OBV في صعود مستمر خلال 20 جلسة مع تماسك سعري هادئ (تجميع بصمت) | 💧 حجم أيام الصعود أعلى من النزول بنسبة 1.8x خلال 10 جلسات | 🕯️ شمعة انعكاسية صعودية (ذيل سفلي طويل + إغلاق قوي) خلال آخر 3 جلسات | 📐 ترتيب صاعد للمتوسطات: السعر > متوسط 50 > متوسط 100 يوم
14,4082,مرنة,الخدمات المالية,8.86,3.4,53.3,48.3,📦 تجميع هادئ,30.0,8.3,0.0,0.0,10.0,0.0,📦 تدفق نقدي إيجابي مستمر (CMF≈+0.20) يدل على تجميع | 📈 مؤشر OBV في صعود مستمر خلال 20 جلسة مع تماسك سعري هادئ (تجميع بصمت) | 💧 حجم أيام الصعود أعلى من النزول بنسبة 1.4x خلال 10 جلسات | 📐 ترتيب صاعد للمتوسطات: السعر > متوسط 50 > متوسط 100 يوم
15,1320,أنابيب السعودية,المواد الأساسية,53.4,8.8,70.6,48.2,👀 متابعة,15.9,7.3,5.0,10.0,10.0,0.0,📦 تدفق نقدي إيجابي مستمر (CMF≈+0.16) يدل على تجميع | 📈 مؤشر OBV في صعود مستمر خلال 20 جلسة | 💧 حجم أيام الصعود أعلى من النزول بنسبة 1.3x خلال 10 جلسات | 🕯️ شمعة انعكاسية صعودية (ذيل سفلي طويل + إغلاق قوي) خلال آخر 3 جلسات | 👀 السهم يقترب من اختراق قمة 20 جلسة | 📐 ترتيب صاعد للمتوسطات: السعر > متوسط 50 > متوسط 100 يوم
16,4310,مدينة المعرفة,إدارة وتطوير العقارات,19.31,7.0,62.8,46.2,👀 متابعة,19.2,12.0,5.0,0.0,10.0,0.0,📦 تدفق نقدي إيجابي مستمر (CMF≈+0.22) يدل على تجميع | 📈 مؤشر OBV في صعود مستمر خلال 20 جلسة | 💧 حجم أيام الصعود أعلى من النزول بنسبة 3.4x خلال 10 جلسات | 🕯️ شمعة انعكاسية صعودية (ذيل سفلي طويل + إغلاق قوي) خلال آخر 3 جلسات | 📐 ترتيب صاعد للمتوسطات: السعر > متوسط 50 > متوسط 100 يوم
17,2190,سيسكو القابضة,النقل,39.98,3.2,70.2,45.0,👀 متابعة,9.6,10.4,5.0,10.0,10.0,0.0,📦 تدفق نقدي إيجابي مستمر (CMF≈+0.09) يدل على تجميع | 🔊 تسارع نشاط التداول: متوسط 5 أيام أعلى من متوسط 20 يوماً بـ2.5x | 🕯️ شمعة انعكاسية صعودية (ذيل سفلي طويل + إغلاق قوي) خلال آخر 3 جلسات | 📊 تقاطع MACD صعودي حديث (زخم إيجابي متجدد) | 📐 ترتيب صاعد للمتوسطات: السعر > متوسط 50 > متوسط 100 يوم
18,6020,جاكو,إنتاج الأغذية,12.46,0.6,48.0,44.9,📦 تجميع هادئ,25.9,3.9,5.0,0.0,10.0,0.0,📦 تدفق نقدي إيجابي مستمر (CMF≈+0.12) يدل على تجميع | 📈 مؤشر OBV في صعود مستمر خلال 20 جلسة مع تماسك سعري هادئ (تجميع بصمت) | 🕯️ شمعة انعكاسية صعودية (ذيل سفلي طويل + إغلاق قوي) خلال آخر 3 جلسات | 📐 ترتيب صاعد للمتوسطات: السعر > متوسط 50 > متوسط 100 يوم
19,7201,بحر العرب,التطبيقات وخدمات التقنية,3.77,6.2,63.4,44.8,👀 متابعة,22.8,12.0,0.0,0.0,10.0,0.0,📦 تدفق نقدي إيجابي مستمر (CMF≈+0.06) يدل على تجميع | 📈 مؤشر OBV في صعود مستمر خلال 20 جلسة | 💧 حجم أيام الصعود أعلى من النزول بنسبة 15.5x خلال 10 جلسات | 📐 ترتيب صاعد للمتوسطات: السعر > متوسط 50 > متوسط 100 يوم
20,3060,أسمنت ينبع,المواد الأساسية,15.18,1.3,52.1,43.6,👀 متابعة,16.4,7.2,5.0,5.0,10.0,0.0,📦 تدفق نقدي إيجابي مستمر (CMF≈+0.07) يدل على تجميع | 📈 مؤشر OBV في صعود مستمر خلال 20 جلسة مع تماسك سعري هادئ (تجميع بصمت) | 🔊 تسارع نشاط التداول: متوسط 5 أيام أعلى من متوسط 20 يوماً بـ1.4x | 🕯️ شمعة انعكاسية صعودية (ذيل سفلي طويل + إغلاق قوي) خلال آخر 3 جلسات | 👀 السهم يقترب من اختراق قمة 20 جلسة | 📐 ترتيب صاعد للمتوسطات: السعر > متوسط 50 > متوسط 100 يوم
21,1321,أنابيب الشرق,المواد الأساسية,195.1,3.0,62.3,43.6,👀 متابعة,17.4,16.1,0.0,5.0,5.0,0.0,📦 تدفق نقدي إيجابي مستمر (CMF≈+0.08) يدل على تجميع | 📈 مؤشر OBV في صعود مستمر خلال 20 جلسة مع تماسك سعري هادئ (تجميع بصمت) | 💧 حجم أيام الصعود أعلى من النزول بنسبة 1.4x خلال 10 جلسات | 🔊 تسارع نشاط التداول: متوسط 5 أيام أعلى من متوسط 20 يوماً بـ2.4x | 📐 السعر أعلى من المتوسط المتحرك 50 يوم
22,4339,دراية ريت,الصناديق العقارية المتداولة,5.31,1.5,60.5,43.3,👀 متابعة,8.6,14.7,5.0,10.0,5.0,0.0,📦 تدفق نقدي إيجابي مستمر (CMF≈+0.05) يدل على تجميع | 💧 حجم أيام الصعود أعلى من النزول بنسبة 3.4x خلال 10 جلسات | 🕯️ شمعة انعكاسية صعودية (ذيل سفلي طويل + إغلاق قوي) خلال آخر 3 جلسات | 👀 السهم يقترب من اختراق قمة 20 جلسة | 📐 السعر أعلى من المتوسط المتحرك 50 يوم
23,4040,سابتكو,النقل,11.89,4.1,59.8,42.2,👀 متابعة,17.6,14.6,0.0,5.0,5.0,0.0,📦 تدفق نقدي إيجابي مستمر (CMF≈+0.07) يدل على تجميع | 📈 مؤشر OBV في صعود مستمر خلال 20 جلسة | 💧 حجم أيام الصعود أعلى من النزول بنسبة 2.3x خلال 10 جلسات | 📐 السعر أعلى من المتوسط المتحرك 50 يوم
24,1835,تمكين,الخدمات التجارية والمهنية,48.66,2.7,63.6,42.2,👀 متابعة,17.4,4.8,5.0,10.0,5.0,0.0,📦 تدفق نقدي إيجابي مستمر (CMF≈+0.21) يدل على تجميع | 🕯️ شمعة انعكاسية صعودية (ذيل سفلي طويل + إغلاق قوي) خلال آخر 3 جلسات | 👀 السهم يقترب من اختراق قمة 20 جلسة | 📐 السعر أعلى من المتوسط المتحرك 50 يوم
25,2381,الحفر العربية,الطاقة,94.9,3.9,59.8,41.7,👀 متابعة,17.1,9.6,5.0,0.0,10.0,0.0,📦 تدفق نقدي إيجابي مستمر (CMF≈+0.20) يدل على تجميع | 💧 حجم أيام الصعود أعلى من النزول بنسبة 1.4x خلال 10 جلسات | 🕯️ شمعة انعكاسية صعودية (ذيل سفلي طويل + إغلاق قوي) خلال آخر 3 جلسات | 📐 ترتيب صاعد للمتوسطات: السعر > متوسط 50 > متوسط 100 يوم
26,2300,صناعة الورق,المواد الأساسية,65.6,3.1,55.2,40.9,📦 تجميع هادئ,18.7,12.2,0.0,5.0,5.0,0.0,📦 تدفق نقدي إيجابي مستمر (CMF≈+0.09) يدل على تجميع | 📈 مؤشر OBV في صعود مستمر خلال 20 جلسة مع تماسك سعري هادئ (تجميع بصمت) | 🔊 تسارع نشاط التداول: متوسط 5 أيام أعلى من متوسط 20 يوماً بـ2.5x | 📐 السعر أعلى من المتوسط المتحرك 50 يوم
27,2286,المطاحن الرابعة,إنتاج الأغذية,4.0,0.3,54.7,39.9,👀 متابعة,11.1,18.8,0.0,10.0,0.0,0.0,📦 تدفق نقدي إيجابي مستمر (CMF≈+0.12) يدل على تجميع | 💧 حجم أيام الصعود أعلى من النزول بنسبة 11.1x خلال 10 جلسات | 🔊 تسارع نشاط التداول: متوسط 5 أيام أعلى من متوسط 20 يوماً بـ1.6x | 👀 السهم يقترب من اختراق قمة 20 جلسة
28,4161,بن داود,تجزئة وتوزيع السلع الاستهلاكية,4.68,-0.4,45.6,39.6,📦 تجميع هادئ,22.6,12.0,5.0,0.0,0.0,0.0,📦 تدفق نقدي إيجابي مستمر (CMF≈+0.05) يدل على تجميع | 📈 مؤشر OBV في صعود مستمر خلال 20 جلسة مع تماسك سعري هادئ (تجميع بصمت) | 💧 حجم أيام الصعود أعلى من النزول بنسبة 5.9x خلال 10 جلسات | 🕯️ شمعة انعكاسية صعودية (ذيل سفلي طويل + إغلاق قوي) خلال آخر 3 جلسات
29,4347,بنيان ريت,الصناديق العقارية المتداولة,9.89,0.4,55.6,39.4,⚠️ تصريف/توزيع,0.0,19.6,5.0,15.0,10.0,10.2,💧 حجم أيام الصعود أعلى من النزول بنسبة 5.9x خلال 10 جلسات | 🔊 تسارع نشاط التداول: متوسط 5 أيام أعلى من متوسط 20 يوماً بـ1.7x | 🕯️ شمعة انعكاسية صعودية (ذيل سفلي طويل + إغلاق قوي) خلال آخر 3 جلسات | 👀 السهم يقترب من اختراق قمة 20 جلسة | 📊 تقاطع MACD صعودي حديث (زخم إيجابي متجدد) | 📐 ترتيب صاعد للمتوسطات: السعر > متوسط 50 > متوسط 100 يوم | ⚠️ تحذير تصريف: تدفق نقدي سلبي (CMF≈-0.13) رغم ارتفاع السعر مؤخراً
30,2200,أنابيب,المواد الأساسية,5.34,0.4,55.4,39.4,📦 تجميع هادئ,23.2,2.2,5.0,5.0,10.0,6.0,📦 تدفق نقدي إيجابي مستمر (CMF≈+0.06) يدل على تجميع | 📈 مؤشر OBV في صعود مستمر خلال 20 جلسة مع تماسك سعري هادئ (تجميع بصمت) | 🕯️ شمعة انعكاسية صعودية (ذيل سفلي طويل + إغلاق قوي) خلال آخر 3 جلسات | 📐 ترتيب صاعد للمتوسطات: السعر > متوسط 50 > متوسط 100 يوم | ⚠️ هيمنة حجم أيام النزول على الصعود (نسبة 0.5x) - ضغط بيعي
31,2180,فيبكو,المواد الأساسية,36.8,7.1,76.4,39.1,👀 متابعة,17.6,6.5,0.0,5.0,10.0,0.0,📦 تدفق نقدي إيجابي مستمر (CMF≈+0.49) يدل على تجميع | 💧 حجم أيام الصعود أعلى من النزول بنسبة 1.2x خلال 10 جلسات | 👀 السهم يقترب من اختراق قمة 20 جلسة | 📐 ترتيب صاعد للمتوسطات: السعر > متوسط 50 > متوسط 100 يوم
32,5110,السعودية للطاقة,المرافق العامة,17.49,3.2,68.4,38.6,👀 متابعة,9.1,9.5,5.0,10.0,5.0,0.0,🔊 تسارع نشاط التداول: متوسط 5 أيام أعلى من متوسط 20 يوماً بـ1.6x | 🕯️ شمعة انعكاسية صعودية (ذيل سفلي طويل + إغلاق قوي) خلال آخر 3 جلسات | 👀 السهم يقترب من اختراق قمة 20 جلسة | 📐 السعر أعلى من المتوسط المتحرك 50 يوم
33,4321,سينومي سنترز,إدارة وتطوير العقارات,16.29,0.5,46.3,38.5,👀 متابعة,11.4,12.2,0.0,5.0,10.0,0.0,📈 مؤشر OBV في صعود مستمر خلال 20 جلسة مع تماسك سعري هادئ (تجميع بصمت) | 💧 حجم أيام الصعود أعلى من النزول بنسبة 1.9x خلال 10 جلسات | 👀 السهم يقترب من اختراق قمة 20 جلسة | 📐 ترتيب صاعد للمتوسطات: السعر > متوسط 50 > متوسط 100 يوم
34,4350,الإستثمار ريت,الصناديق العقارية المتداولة,6.86,1.2,57.0,37.9,👀 متابعة,1.7,11.2,5.0,15.0,5.0,0.0,💧 حجم أيام الصعود أعلى من النزول بنسبة 1.4x خلال 10 جلسات | 🔊 تسارع نشاط التداول: متوسط 5 أيام أعلى من متوسط 20 يوماً بـ1.2x | 🕯️ شمعة انعكاسية صعودية (ذيل سفلي طويل + إغلاق قوي) خلال آخر 3 جلسات | 👀 السهم يقترب من اختراق قمة 20 جلسة | 📊 تقاطع MACD صعودي حديث (زخم إيجابي متجدد) | 📐 السعر أعلى من المتوسط المتحرك 50 يوم
35,1303,الصناعات الكهربائية,السلع الرأسمالية,15.54,1.0,55.9,37.4,👀 متابعة,5.1,12.2,5.0,5.0,10.0,0.0,💧 حجم أيام الصعود أعلى من النزول بنسبة 3.2x خلال 10 جلسات | 🕯️ شمعة انعكاسية صعودية (ذيل سفلي طويل + إغلاق قوي) خلال آخر 3 جلسات | 👀 السهم يقترب من اختراق قمة 20 جلسة | 📐 ترتيب صاعد للمتوسطات: السعر > متوسط 50 > متوسط 100 يوم
36,4292,عطاء,الخدمات الاستهلاكية,44.2,-0.8,46.3,37.1,👀 متابعة,2.1,20.0,5.0,10.0,0.0,0.0,💧 حجم أيام الصعود أعلى من النزول بنسبة 2.5x خلال 10 جلسات | 🔊 تسارع نشاط التداول: متوسط 5 أيام أعلى من متوسط 20 يوماً بـ2.0x | 🕯️ شمعة انعكاسية صعودية (ذيل سفلي طويل + إغلاق قوي) خلال آخر 3 جلسات | 📊 تقاطع MACD صعودي حديث (زخم إيجابي متجدد)
37,4031,الخدمات الأرضية,النقل,27.16,0.5,48.1,36.3,📦 تجميع هادئ,19.1,7.2,0.0,0.0,10.0,0.0,📦 تدفق نقدي إيجابي مستمر (CMF≈+0.33) يدل على تجميع | 📈 مؤشر OBV في صعود مستمر خلال 20 جلسة مع تماسك سعري هادئ (تجميع بصمت) | 💧 حجم أيام الصعود أعلى من النزول بنسبة 1.3x خلال 10 جلسات | 📐 ترتيب صاعد للمتوسطات: السعر > متوسط 50 > متوسط 100 يوم
38,4019,اس ام سي للرعاية الصحية,الرعاية الصحية,16.27,-0.9,56.7,36.1,👀 متابعة,9.3,6.8,5.0,5.0,10.0,0.0,📦 تدفق نقدي إيجابي مستمر (CMF≈+0.09) يدل على تجميع | 💧 حجم أيام الصعود أعلى من النزول بنسبة 1.3x خلال 10 جلسات | 🕯️ شمعة انعكاسية صعودية (ذيل سفلي طويل + إغلاق قوي) خلال آخر 3 جلسات | 👀 السهم يقترب من اختراق قمة 20 جلسة | 📐 ترتيب صاعد للمتوسطات: السعر > متوسط 50 > متوسط 100 يوم
39,4090,طيبة,إدارة وتطوير العقارات,18.73,0.8,56.5,35.7,👀 متابعة,12.6,3.1,5.0,5.0,10.0,0.0,📦 تدفق نقدي إيجابي مستمر (CMF≈+0.11) يدل على تجميع | 🕯️ شمعة انعكاسية صعودية (ذيل سفلي طويل + إغلاق قوي) خلال آخر 3 جلسات | 👀 السهم يقترب من اختراق قمة 20 جلسة | 📐 ترتيب صاعد للمتوسطات: السعر > متوسط 50 > متوسط 100 يوم
40,1111,مجموعة تداول,الخدمات المالية,132.2,1.5,48.4,35.7,👀 متابعة,10.5,10.3,5.0,0.0,10.0,0.0,📦 تدفق نقدي إيجابي مستمر (CMF≈+0.08) يدل على تجميع | 💧 حجم أيام الصعود أعلى من النزول بنسبة 1.6x خلال 10 جلسات | 🕯️ شمعة انعكاسية صعودية (ذيل سفلي طويل + إغلاق قوي) خلال آخر 3 جلسات | 📐 ترتيب صاعد للمتوسطات: السعر > متوسط 50 > متوسط 100 يوم
41,6015,أمريكانا للمطاعم,الخدمات الاستهلاكية,2.48,4.6,69.5,35.5,👀 متابعة,3.9,17.0,0.0,10.0,10.0,5.4,💧 حجم أيام الصعود أعلى من النزول بنسبة 20.2x خلال 10 جلسات | 🔊 تسارع نشاط التداول: متوسط 5 أيام أعلى من متوسط 20 يوماً بـ1.4x | 👀 السهم يقترب من اختراق قمة 20 جلسة | 📐 ترتيب صاعد للمتوسطات: السعر > متوسط 50 > متوسط 100 يوم | ⚠️ تحذير تصريف: تدفق نقدي سلبي (CMF≈-0.06) رغم ارتفاع السعر مؤخراً
42,4080,سناد القابضة,إنتاج الأغذية,8.5,1.3,55.3,35.4,📦 تجميع هادئ,22.3,3.1,0.0,0.0,10.0,0.0,📦 تدفق نقدي إيجابي مستمر (CMF≈+0.14) يدل على تجميع | 📈 مؤشر OBV في صعود مستمر خلال 20 جلسة مع تماسك سعري هادئ (تجميع بصمت) | 📐 ترتيب صاعد للمتوسطات: السعر > متوسط 50 > متوسط 100 يوم
43,6090,جازادكو,إنتاج الأغذية,8.15,-0.5,43.7,35.1,👀 متابعة,16.9,13.0,5.2,0.0,0.0,0.0,📈 مؤشر OBV في صعود مستمر خلال 20 جلسة مع تماسك سعري هادئ (تجميع بصمت) | 💧 حجم أيام الصعود أعلى من النزول بنسبة 2.2x خلال 10 جلسات | 🕯️ شمعة انعكاسية صعودية (ذيل سفلي طويل + إغلاق قوي) خلال آخر 3 جلسات
44,1202,مبكو,المواد الأساسية,18.99,1.7,54.3,34.6,👀 متابعة,15.1,9.6,0.0,0.0,10.0,0.0,📦 تدفق نقدي إيجابي مستمر (CMF≈+0.11) يدل على تجميع | 📈 مؤشر OBV في صعود مستمر خلال 20 جلسة مع تماسك سعري هادئ (تجميع بصمت) | 💧 حجم أيام الصعود أعلى من النزول بنسبة 1.6x خلال 10 جلسات | 📐 ترتيب صاعد للمتوسطات: السعر > متوسط 50 > متوسط 100 يوم
45,4140,صادرات,السلع الرأسمالية,2.3,-0.9,46.8,34.1,👀 متابعة,9.0,10.1,5.0,10.0,0.0,0.0,💧 حجم أيام الصعود أعلى من النزول بنسبة 1.6x خلال 10 جلسات | 🕯️ شمعة انعكاسية صعودية (ذيل سفلي طويل + إغلاق قوي) خلال آخر 3 جلسات | 👀 السهم يقترب من اختراق قمة 20 جلسة
46,4160,ثمار,تجزئة وتوزيع السلع الاستهلاكية,35.86,2.6,52.0,33.5,👀 متابعة,17.2,6.3,0.0,0.0,10.0,0.0,📦 تدفق نقدي إيجابي مستمر (CMF≈+0.27) يدل على تجميع | 💧 حجم أيام الصعود أعلى من النزول بنسبة 1.2x خلال 10 جلسات | 📐 ترتيب صاعد للمتوسطات: السعر > متوسط 50 > متوسط 100 يوم
47,2283,المطاحن الأولى,إنتاج الأغذية,52.1,-2.3,33.6,33.0,👀 متابعة,16.5,12.0,4.6,0.0,0.0,0.0,📦 تدفق نقدي إيجابي مستمر (CMF≈+0.05) يدل على تجميع | 📈 مؤشر OBV في صعود مستمر خلال 20 جلسة مع تماسك سعري هادئ (تجميع بصمت) | 💧 حجم أيام الصعود أعلى من النزول بنسبة 2.1x خلال 10 جلسات | 🔄 ارتداد من تشبع بيع: RSI عند 34 ويتجه للصعود
48,2140,أيان,الرعاية الصحية,9.57,-0.5,47.7,32.5,👀 متابعة,5.5,12.0,5.0,0.0,10.0,0.0,💧 حجم أيام الصعود أعلى من النزول بنسبة 2.3x خلال 10 جلسات | 🕯️ شمعة انعكاسية صعودية (ذيل سفلي طويل + إغلاق قوي) خلال آخر 3 جلسات | 📐 ترتيب صاعد للمتوسطات: السعر > متوسط 50 > متوسط 100 يوم
49,1214,شاكر,السلع الرأسمالية,12.14,1.5,53.6,32.0,👀 متابعة,15.0,12.0,0.0,0.0,5.0,0.0,📈 مؤشر OBV في صعود مستمر خلال 20 جلسة مع تماسك سعري هادئ (تجميع بصمت) | 💧 حجم أيام الصعود أعلى من النزول بنسبة 2.6x خلال 10 جلسات | 📐 السعر أعلى من المتوسط المتحرك 50 يوم
50,4323,سمو,إدارة وتطوير العقارات,26.64,0.5,51.8,31.8,⚠️ تصريف/توزيع,9.9,20.0,0.0,0.0,10.0,8.2,📈 مؤشر OBV في صعود مستمر خلال 20 جلسة مع تماسك سعري هادئ (تجميع بصمت) | 💧 حجم أيام الصعود أعلى من النزول بنسبة 1.9x خلال 10 جلسات | 🔊 تسارع نشاط التداول: متوسط 5 أيام أعلى من متوسط 20 يوماً بـ3.0x | 📐 ترتيب صاعد للمتوسطات: السعر > متوسط 50 > متوسط 100 يوم | ⚠️ تحذير تصريف: تدفق نقدي سلبي (CMF≈-0.10) رغم ارتفاع السعر مؤخراً
51,4330,الرياض ريت,الصناديق العقارية المتداولة,4.89,1.2,57.0,30.1,👀 متابعة,15.2,5.9,0.0,10.0,5.0,5.9,📦 تدفق نقدي إيجابي مستمر (CMF≈+0.32) يدل على تجميع | 🔊 تسارع نشاط التداول: متوسط 5 أيام أعلى من متوسط 20 يوماً بـ1.5x | 👀 السهم يقترب من اختراق قمة 20 جلسة | 📐 السعر أعلى من المتوسط المتحرك 50 يوم | ⚠️ هيمنة حجم أيام النزول على الصعود (نسبة 0.5x) - ضغط بيعي
52,4193,نايس ون,تجزئة السلع الكمالية,12.25,1.7,47.4,30.0,⚠️ تصريف/توزيع,30.0,0.0,0.0,0.0,10.0,10.0,📦 تدفق نقدي إيجابي مستمر (CMF≈+0.27) يدل على تجميع | 📈 مؤشر OBV في صعود مستمر خلال 20 جلسة مع تماسك سعري هادئ (تجميع بصمت) | 📐 ترتيب صاعد للمتوسطات: السعر > متوسط 50 > متوسط 100 يوم | ⚠️ هيمنة حجم أيام النزول على الصعود (نسبة 0.2x) - ضغط بيعي
53,2223,لوبريف,المواد الأساسية,137.0,-0.4,54.5,29.9,⚠️ تصريف/توزيع,2.7,13.2,0.0,15.0,10.0,11.1,💧 حجم أيام الصعود أعلى من النزول بنسبة 1.7x خلال 10 جلسات | 👀 السهم يقترب من اختراق قمة 20 جلسة | 📊 تقاطع MACD صعودي حديث (زخم إيجابي متجدد) | 📐 ترتيب صاعد للمتوسطات: السعر > متوسط 50 > متوسط 100 يوم | ⚠️ تحذير تصريف: تدفق نقدي سلبي (CMF≈-0.14) رغم ارتفاع السعر مؤخراً
54,3010,أسمنت العربية,المواد الأساسية,21.71,-0.5,40.9,29.7,👀 متابعة,15.0,8.0,5.7,5.0,0.0,4.0,📦 تدفق نقدي إيجابي مستمر (CMF≈+0.30) يدل على تجميع | 🔊 تسارع نشاط التداول: متوسط 5 أيام أعلى من متوسط 20 يوماً بـ1.9x | 🕯️ شمعة انعكاسية صعودية (ذيل سفلي طويل + إغلاق قوي) خلال آخر 3 جلسات | 👀 السهم يقترب من اختراق قمة 20 جلسة | ⚠️ هيمنة حجم أيام النزول على الصعود (نسبة 0.5x) - ضغط بيعي
55,2130,صدق,السلع طويلة الأجل,16.08,-0.4,43.4,29.7,👀 متابعة,4.0,20.0,5.6,0.0,0.0,0.0,💧 حجم أيام الصعود أعلى من النزول بنسبة 2.3x خلال 10 جلسات | 🔊 تسارع نشاط التداول: متوسط 5 أيام أعلى من متوسط 20 يوماً بـ2.7x | 🕯️ شمعة انعكاسية صعودية (ذيل سفلي طويل + إغلاق قوي) خلال آخر 3 جلسات
56,4004,دله الصحية,الرعاية الصحية,84.65,0.6,53.1,29.5,👀 متابعة,11.4,13.1,0.0,0.0,5.0,0.0,📈 مؤشر OBV في صعود مستمر خلال 20 جلسة مع تماسك سعري هادئ (تجميع بصمت) | 💧 حجم أيام الصعود أعلى من النزول بنسبة 4.1x خلال 10 جلسات | 📐 السعر أعلى من المتوسط المتحرك 50 يوم
57,4340,الراجحي ريت,الصناديق العقارية المتداولة,8.02,1.8,59.6,29.4,⚠️ تصريف/توزيع,4.0,13.5,0.0,15.0,5.0,8.0,💧 حجم أيام الصعود أعلى من النزول بنسبة 4.0x خلال 10 جلسات | 👀 السهم يقترب من اختراق قمة 20 جلسة | 📊 تقاطع MACD صعودي حديث (زخم إيجابي متجدد) | 📐 السعر أعلى من المتوسط المتحرك 50 يوم | ⚠️ تحذير تصريف: تدفق نقدي سلبي (CMF≈-0.10) رغم ارتفاع السعر مؤخراً
58,2020,سابك للمغذيات الزراعية,المواد الأساسية,129.4,-0.5,50.8,29.0,👀 متابعة,12.5,4.1,5.0,0.0,10.0,2.6,📦 تدفق نقدي إيجابي مستمر (CMF≈+0.14) يدل على تجميع | 🔊 تسارع نشاط التداول: متوسط 5 أيام أعلى من متوسط 20 يوماً بـ1.3x | 🕯️ شمعة انعكاسية صعودية (ذيل سفلي طويل + إغلاق قوي) خلال آخر 3 جلسات | 📐 ترتيب صاعد للمتوسطات: السعر > متوسط 50 > متوسط 100 يوم | ⚠️ هيمنة حجم أيام النزول على الصعود (نسبة 0.6x) - ضغط بيعي
59,2120,متطورة,الخدمات المالية,16.92,-0.2,54.0,28.7,👀 متابعة,2.7,11.0,0.0,5.0,10.0,0.0,💧 حجم أيام الصعود أعلى من النزول بنسبة 1.7x خلال 10 جلسات | 👀 السهم يقترب من اختراق قمة 20 جلسة | 📐 ترتيب صاعد للمتوسطات: السعر > متوسط 50 > متوسط 100 يوم
60,2150,زجاج,المواد الأساسية,38.6,-1.5,42.8,28.7,👀 متابعة,13.3,5.0,0.4,0.0,10.0,0.0,📦 تدفق نقدي إيجابي مستمر (CMF≈+0.12) يدل على تجميع | 📐 ترتيب صاعد للمتوسطات: السعر > متوسط 50 > متوسط 100 يوم
61,2083,مرافق,المرافق العامة,44.58,-0.9,59.7,28.2,👀 متابعة,13.9,4.3,0.0,0.0,10.0,0.0,📦 تدفق نقدي إيجابي مستمر (CMF≈+0.09) يدل على تجميع | 📈 مؤشر OBV في صعود مستمر خلال 20 جلسة مع تماسك سعري هادئ (تجميع بصمت) | 📐 ترتيب صاعد للمتوسطات: السعر > متوسط 50 > متوسط 100 يوم
62,2240,الزامل للصناعة,المواد الأساسية,27.76,-0.5,47.6,27.8,👀 متابعة,16.9,1.0,5.0,0.0,5.0,0.0,📦 تدفق نقدي إيجابي مستمر (CMF≈+0.20) يدل على تجميع | 🕯️ شمعة انعكاسية صعودية (ذيل سفلي طويل + إغلاق قوي) خلال آخر 3 جلسات | 📐 السعر أعلى من المتوسط المتحرك 50 يوم | ⚠️ هيمنة حجم أيام النزول على الصعود (نسبة 0.7x) - ضغط بيعي
63,6016,برغرايززر,الخدمات الاستهلاكية,7.33,0.0,43.2,27.7,👀 متابعة,15.0,7.4,5.3,0.0,0.0,0.0,📈 مؤشر OBV في صعود مستمر خلال 20 جلسة مع تماسك سعري هادئ (تجميع بصمت) | 💧 حجم أيام الصعود أعلى من النزول بنسبة 1.3x خلال 10 جلسات | 🕯️ شمعة انعكاسية صعودية (ذيل سفلي طويل + إغلاق قوي) خلال آخر 3 جلسات
64,2270,سدافكو,إنتاج الأغذية,203.9,-0.3,43.4,27.5,👀 متابعة,17.4,5.9,0.3,0.0,5.0,1.1,📦 تدفق نقدي إيجابي مستمر (CMF≈+0.19) يدل على تجميع | 🔊 تسارع نشاط التداول: متوسط 5 أيام أعلى من متوسط 20 يوماً بـ1.5x | 📐 السعر أعلى من المتوسط المتحرك 50 يوم | ⚠️ هيمنة حجم أيام النزول على الصعود (نسبة 0.7x) - ضغط بيعي
65,4012,الأصيل,السلع طويلة الأجل,3.51,0.0,49.3,27.4,👀 متابعة,6.0,11.4,0.0,5.0,5.0,0.0,💧 حجم أيام الصعود أعلى من النزول بنسبة 1.7x خلال 10 جلسات | 👀 السهم يقترب من اختراق قمة 20 جلسة | 📐 السعر أعلى من المتوسط المتحرك 50 يوم
66,1323,يو سي آي سي,المواد الأساسية,27.52,0.1,49.2,27.3,👀 متابعة,0.4,6.9,5.0,15.0,0.0,0.0,🕯️ شمعة انعكاسية صعودية (ذيل سفلي طويل + إغلاق قوي) خلال آخر 3 جلسات | 👀 السهم يقترب من اختراق قمة 20 جلسة | 📊 تقاطع MACD صعودي حديث (زخم إيجابي متجدد)
67,4348,الخبير ريت,الصناديق العقارية المتداولة,5.64,0.5,53.5,27.0,⚠️ تصريف/توزيع,15.0,12.0,0.0,10.0,5.0,15.0,📈 مؤشر OBV في صعود مستمر خلال 20 جلسة مع تماسك سعري هادئ (تجميع بصمت) | 💧 حجم أيام الصعود أعلى من النزول بنسبة 91.1x خلال 10 جلسات | 👀 السهم يقترب من اختراق قمة 20 جلسة | 📐 السعر أعلى من المتوسط المتحرك 50 يوم | ⚠️ تحذير تصريف: تدفق نقدي سلبي (CMF≈-0.20) رغم ارتفاع السعر مؤخراً
68,4141,العمران,السلع الرأسمالية,20.25,0.2,54.2,27.0,👀 متابعة,12.0,1.2,5.0,5.0,5.0,1.2,📦 تدفق نقدي إيجابي مستمر (CMF≈+0.14) يدل على تجميع | 🕯️ شمعة انعكاسية صعودية (ذيل سفلي طويل + إغلاق قوي) خلال آخر 3 جلسات | 👀 السهم يقترب من اختراق قمة 20 جلسة | 📐 السعر أعلى من المتوسط المتحرك 50 يوم | ⚠️ هيمنة حجم أيام النزول على الصعود (نسبة 0.7x) - ضغط بيعي
69,4017,فقيه الطبية,الرعاية الصحية,37.48,3.5,60.3,26.5,👀 متابعة,14.3,2.2,0.0,0.0,10.0,0.0,📦 تدفق نقدي إيجابي مستمر (CMF≈+0.19) يدل على تجميع | 📐 ترتيب صاعد للمتوسطات: السعر > متوسط 50 > متوسط 100 يوم
70,4300,دار الأركان,إدارة وتطوير العقارات,20.87,2.2,49.1,26.5,👀 متابعة,15.8,0.0,5.0,0.0,10.0,4.3,📦 تدفق نقدي إيجابي مستمر (CMF≈+0.16) يدل على تجميع | 🕯️ شمعة انعكاسية صعودية (ذيل سفلي طويل + إغلاق قوي) خلال آخر 3 جلسات | 📐 ترتيب صاعد للمتوسطات: السعر > متوسط 50 > متوسط 100 يوم | ⚠️ هيمنة حجم أيام النزول على الصعود (نسبة 0.5x) - ضغط بيعي
71,3091,أسمنت الجوف,المواد الأساسية,4.93,-1.4,37.7,26.4,👀 متابعة,15.1,5.2,6.2,0.0,0.0,0.0,📦 تدفق نقدي إيجابي مستمر (CMF≈+0.24) يدل على تجميع | 🔊 تسارع نشاط التداول: متوسط 5 أيام أعلى من متوسط 20 يوماً بـ1.3x | 🕯️ شمعة انعكاسية صعودية (ذيل سفلي طويل + إغلاق قوي) خلال آخر 3 جلسات
72,4145,أو جي سي,السلع الرأسمالية,25.1,2.4,66.2,25.4,⚠️ تصريف/توزيع,0.4,12.8,0.0,10.0,10.0,7.8,🔊 تسارع نشاط التداول: متوسط 5 أيام أعلى من متوسط 20 يوماً بـ2.2x | 👀 السهم يقترب من اختراق قمة 20 جلسة | 📐 ترتيب صاعد للمتوسطات: السعر > متوسط 50 > متوسط 100 يوم | ⚠️ تحذير تصريف: تدفق نقدي سلبي (CMF≈-0.09) رغم ارتفاع السعر مؤخراً
73,2360,الفخارية,المواد الأساسية,21.04,-2.4,55.5,25.2,👀 متابعة,0.4,9.8,5.0,0.0,10.0,0.0,💧 حجم أيام الصعود أعلى من النزول بنسبة 1.6x خلال 10 جلسات | 🕯️ شمعة انعكاسية صعودية (ذيل سفلي طويل + إغلاق قوي) خلال آخر 3 جلسات | 📐 ترتيب صاعد للمتوسطات: السعر > متوسط 50 > متوسط 100 يوم
74,7020,اتحاد اتصالات,الاتصالات,67.0,1.9,54.8,24.7,⚠️ تصريف/توزيع,16.2,0.0,5.0,0.0,10.0,6.5,📦 تدفق نقدي إيجابي مستمر (CMF≈+0.23) يدل على تجميع | 🕯️ شمعة انعكاسية صعودية (ذيل سفلي طويل + إغلاق قوي) خلال آخر 3 جلسات | 📐 ترتيب صاعد للمتوسطات: السعر > متوسط 50 > متوسط 100 يوم | ⚠️ هيمنة حجم أيام النزول على الصعود (نسبة 0.4x) - ضغط بيعي
75,1833,الموارد,الخدمات التجارية والمهنية,104.9,0.7,57.3,24.5,👀 متابعة,1.8,8.7,5.0,10.0,5.0,6.0,💧 حجم أيام الصعود أعلى من النزول بنسبة 1.3x خلال 10 جلسات | 🕯️ شمعة انعكاسية صعودية (ذيل سفلي طويل + إغلاق قوي) خلال آخر 3 جلسات | 👀 السهم يقترب من اختراق قمة 20 جلسة | 📐 السعر أعلى من المتوسط المتحرك 50 يوم | ⚠️ تحذير تصريف: تدفق نقدي سلبي (CMF≈-0.06) رغم ارتفاع السعر مؤخراً
76,4261,ذيب,النقل,21.13,1.1,43.9,24.3,⚠️ تصريف/توزيع,16.7,0.0,5.2,0.0,10.0,7.6,📈 مؤشر OBV في صعود مستمر خلال 20 جلسة مع تماسك سعري هادئ (تجميع بصمت) | 🕯️ شمعة انعكاسية صعودية (ذيل سفلي طويل + إغلاق قوي) خلال آخر 3 جلسات | 📐 ترتيب صاعد للمتوسطات: السعر > متوسط 50 > متوسط 100 يوم | ⚠️ هيمنة حجم أيام النزول على الصعود (نسبة 0.4x) - ضغط بيعي
77,6012,ريدان,الخدمات الاستهلاكية,16.8,-3.1,44.0,24.1,👀 متابعة,5.2,18.7,0.2,0.0,0.0,0.0,📈 مؤشر OBV في صعود مستمر خلال 20 جلسة مع تماسك سعري هادئ (تجميع بصمت) | 💧 حجم أيام الصعود أعلى من النزول بنسبة 2.9x خلال 10 جلسات | 🔊 تسارع نشاط التداول: متوسط 5 أيام أعلى من متوسط 20 يوماً بـ1.6x
78,2160,أميانتيت,السلع الرأسمالية,13.06,-0.1,43.0,23.6,👀 متابعة,11.9,5.9,5.8,0.0,0.0,0.0,📈 مؤشر OBV في صعود مستمر خلال 20 جلسة مع تماسك سعري هادئ (تجميع بصمت) | 🕯️ شمعة انعكاسية صعودية (ذيل سفلي طويل + إغلاق قوي) خلال آخر 3 جلسات
79,6010,نادك,إنتاج الأغذية,15.22,1.5,58.9,23.5,👀 متابعة,14.4,0.5,0.0,0.0,10.0,1.3,📦 تدفق نقدي إيجابي مستمر (CMF≈+0.18) يدل على تجميع | 📐 ترتيب صاعد للمتوسطات: السعر > متوسط 50 > متوسط 100 يوم | ⚠️ هيمنة حجم أيام النزول على الصعود (نسبة 0.6x) - ضغط بيعي
80,1831,مهارة,الخدمات التجارية والمهنية,4.68,-0.4,48.0,23.4,👀 متابعة,10.5,8.0,0.0,10.0,0.0,5.1,📦 تدفق نقدي إيجابي مستمر (CMF≈+0.11) يدل على تجميع | 🔊 تسارع نشاط التداول: متوسط 5 أيام أعلى من متوسط 20 يوماً بـ1.8x | 👀 السهم يقترب من اختراق قمة 20 جلسة | ⚠️ هيمنة حجم أيام النزول على الصعود (نسبة 0.5x) - ضغط بيعي
81,7203,علم,التطبيقات وخدمات التقنية,627.5,-2.0,39.8,22.4,👀 متابعة,14.9,0.8,0.8,0.0,10.0,4.1,📦 تدفق نقدي إيجابي مستمر (CMF≈+0.18) يدل على تجميع | 📐 ترتيب صاعد للمتوسطات: السعر > متوسط 50 > متوسط 100 يوم | ⚠️ هيمنة حجم أيام النزول على الصعود (نسبة 0.5x) - ضغط بيعي
82,6040,تبوك الزراعية,إنتاج الأغذية,9.03,-1.1,45.6,22.1,👀 متابعة,11.0,11.1,0.0,0.0,0.0,0.0,📈 مؤشر OBV في صعود مستمر خلال 20 جلسة مع تماسك سعري هادئ (تجميع بصمت) | 💧 حجم أيام الصعود أعلى من النزول بنسبة 1.7x خلال 10 جلسات
83,7040,قو للاتصالات,الاتصالات,87.05,-0.8,35.1,22.1,⚠️ تصريف/توزيع,26.5,0.0,1.6,0.0,0.0,6.0,📦 تدفق نقدي إيجابي مستمر (CMF≈+0.13) يدل على تجميع | 📈 مؤشر OBV في صعود مستمر خلال 20 جلسة مع تماسك سعري هادئ (تجميع بصمت) | ⚠️ هيمنة حجم أيام النزول على الصعود (نسبة 0.5x) - ضغط بيعي
84,4191,أبو معطي,تجزئة السلع الكمالية,42.32,3.8,56.0,22.0,👀 متابعة,9.3,2.7,0.0,0.0,10.0,0.0,📐 ترتيب صاعد للمتوسطات: السعر > متوسط 50 > متوسط 100 يوم
85,2222,أرامكو السعودية,الطاقة,26.2,-0.5,45.1,21.7,👀 متابعة,5.4,1.2,5.0,10.0,0.0,0.0,🕯️ شمعة انعكاسية صعودية (ذيل سفلي طويل + إغلاق قوي) خلال آخر 3 جلسات | 👀 السهم يقترب من اختراق قمة 20 جلسة
86,6018,الأندية للرياضة,الخدمات الاستهلاكية,8.11,-4.0,34.0,21.4,👀 متابعة,0.0,17.0,4.4,0.0,0.0,0.0,💧 حجم أيام الصعود أعلى من النزول بنسبة 1.5x خلال 10 جلسات | 🔊 تسارع نشاط التداول: متوسط 5 أيام أعلى من متوسط 20 يوماً بـ1.9x | 🔄 ارتداد من تشبع بيع: RSI عند 34 ويتجه للصعود
87,4342,جدوى ريت السعودية,الصناديق العقارية المتداولة,9.7,0.7,41.8,21.1,⚠️ تصريف/توزيع,15.0,0.6,5.5,10.0,0.0,10.0,📦 تدفق نقدي إيجابي مستمر (CMF≈+0.24) يدل على تجميع | 🕯️ شمعة انعكاسية صعودية (ذيل سفلي طويل + إغلاق قوي) خلال آخر 3 جلسات | 👀 السهم يقترب من اختراق قمة 20 جلسة | ⚠️ هيمنة حجم أيام النزول على الصعود (نسبة 0.3x) - ضغط بيعي
88,4061,أنعام القابضة,تجزئة وتوزيع السلع الاستهلاكية,12.27,1.9,54.9,21.1,👀 متابعة,1.6,4.5,5.0,0.0,10.0,0.0,🕯️ شمعة انعكاسية صعودية (ذيل سفلي طويل + إغلاق قوي) خلال آخر 3 جلسات | 📐 ترتيب صاعد للمتوسطات: السعر > متوسط 50 > متوسط 100 يوم
89,4190,جرير,تجزئة السلع الكمالية,17.25,0.6,59.3,20.5,⚠️ تصريف/توزيع,0.8,17.2,0.0,10.0,5.0,12.5,💧 حجم أيام الصعود أعلى من النزول بنسبة 1.7x خلال 10 جلسات | 🔊 تسارع نشاط التداول: متوسط 5 أيام أعلى من متوسط 20 يوماً بـ1.6x | 👀 السهم يقترب من اختراق قمة 20 جلسة | 📐 السعر أعلى من المتوسط المتحرك 50 يوم | ⚠️ تحذير تصريف: تدفق نقدي سلبي (CMF≈-0.16) رغم ارتفاع السعر مؤخراً
90,7030,زين السعودية,الاتصالات,10.36,-0.7,34.7,20.3,👀 متابعة,8.7,5.0,6.7,0.0,0.0,0.0,📦 تدفق نقدي إيجابي مستمر (CMF≈+0.05) يدل على تجميع | 🔊 تسارع نشاط التداول: متوسط 5 أيام أعلى من متوسط 20 يوماً بـ1.3x | 🕯️ شمعة انعكاسية صعودية (ذيل سفلي طويل + إغلاق قوي) خلال آخر 3 جلسات | ⚠️ هيمنة حجم أيام النزول على الصعود (نسبة 0.7x) - ضغط بيعي
91,4335,مشاركة ريت,الصناديق العقارية المتداولة,3.45,0.6,50.8,19.7,⚠️ تصريف/توزيع,3.8,12.0,5.0,0.0,5.0,6.1,💧 حجم أيام الصعود أعلى من النزول بنسبة 4.1x خلال 10 جلسات | 🕯️ شمعة انعكاسية صعودية (ذيل سفلي طويل + إغلاق قوي) خلال آخر 3 جلسات | 📐 السعر أعلى من المتوسط المتحرك 50 يوم | ⚠️ تحذير تصريف: تدفق نقدي سلبي (CMF≈-0.07) رغم ارتفاع السعر مؤخراً
92,4344,سدكو كابيتال ريت,الصناديق العقارية المتداولة,7.32,-1.3,44.1,19.6,👀 متابعة,13.2,1.3,5.1,0.0,0.0,0.0,📦 تدفق نقدي إيجابي مستمر (CMF≈+0.16) يدل على تجميع | 🕯️ شمعة انعكاسية صعودية (ذيل سفلي طويل + إغلاق قوي) خلال آخر 3 جلسات
93,6070,الجوف,إنتاج الأغذية,39.8,-0.9,45.1,19.4,⚠️ تصريف/توزيع,14.6,2.4,5.0,0.0,5.0,7.5,📦 تدفق نقدي إيجابي مستمر (CMF≈+0.14) يدل على تجميع | 🕯️ شمعة انعكاسية صعودية (ذيل سفلي طويل + إغلاق قوي) خلال آخر 3 جلسات | 📐 السعر أعلى من المتوسط المتحرك 50 يوم | ⚠️ هيمنة حجم أيام النزول على الصعود (نسبة 0.4x) - ضغط بيعي
94,2084,مياهنا,المرافق العامة,11.23,-0.6,41.9,19.4,👀 متابعة,15.1,3.8,0.5,0.0,0.0,0.0,📈 مؤشر OBV في صعود مستمر خلال 20 جلسة مع تماسك سعري هادئ (تجميع بصمت)
95,1183,سهل,الخدمات المالية,14.51,0.3,53.5,19.2,👀 متابعة,0.0,4.2,5.0,5.0,5.0,0.0,🕯️ شمعة انعكاسية صعودية (ذيل سفلي طويل + إغلاق قوي) خلال آخر 3 جلسات | 👀 السهم يقترب من اختراق قمة 20 جلسة | 📐 السعر أعلى من المتوسط المتحرك 50 يوم
96,4005,رعاية,الرعاية الصحية,124.6,-1.0,46.2,19.1,👀 متابعة,2.3,16.8,0.0,0.0,0.0,0.0,💧 حجم أيام الصعود أعلى من النزول بنسبة 4.0x خلال 10 جلسات | 🔊 تسارع نشاط التداول: متوسط 5 أيام أعلى من متوسط 20 يوماً بـ1.4x
97,4100,مكة,إدارة وتطوير العقارات,82.4,-0.7,53.9,19.1,⚠️ تصريف/توزيع,11.3,2.4,5.0,0.0,10.0,9.6,📦 تدفق نقدي إيجابي مستمر (CMF≈+0.13) يدل على تجميع | 🕯️ شمعة انعكاسية صعودية (ذيل سفلي طويل + إغلاق قوي) خلال آخر 3 جلسات | 📐 ترتيب صاعد للمتوسطات: السعر > متوسط 50 > متوسط 100 يوم | ⚠️ هيمنة حجم أيام النزول على الصعود (نسبة 0.3x) - ضغط بيعي
98,4165,الماجد,المنتجات المنزلية والشخصية,123.2,0.0,57.6,19.0,⚠️ تصريف/توزيع,0.0,14.3,0.0,5.0,10.0,10.3,💧 حجم أيام الصعود أعلى من النزول بنسبة 5.7x خلال 10 جلسات | 👀 السهم يقترب من اختراق قمة 20 جلسة | 📐 ترتيب صاعد للمتوسطات: السعر > متوسط 50 > متوسط 100 يوم | ⚠️ تحذير تصريف: تدفق نقدي سلبي (CMF≈-0.13) رغم ارتفاع السعر مؤخراً
99,4002,المواساة,الرعاية الصحية,64.7,0.0,43.3,18.8,👀 متابعة,5.4,8.0,0.3,0.0,10.0,4.8,🔊 تسارع نشاط التداول: متوسط 5 أيام أعلى من متوسط 20 يوماً بـ2.2x | 📐 ترتيب صاعد للمتوسطات: السعر > متوسط 50 > متوسط 100 يوم | ⚠️ هيمنة حجم أيام النزول على الصعود (نسبة 0.5x) - ضغط بيعي
100,1810,سيرا,الخدمات الاستهلاكية,21.64,1.3,58.0,18.6,👀 متابعة,0.0,1.9,0.0,10.0,10.0,3.2,👀 السهم يقترب من اختراق قمة 20 جلسة | 📐 ترتيب صاعد للمتوسطات: السعر > متوسط 50 > متوسط 100 يوم | ⚠️ هيمنة حجم أيام النزول على الصعود (نسبة 0.6x) - ضغط بيعي
101,4051,باعظيم,تجزئة السلع الكمالية,5.5,-1.3,46.0,18.4,👀 متابعة,15.0,3.5,0.0,0.0,0.0,0.1,📦 تدفق نقدي إيجابي مستمر (CMF≈+0.23) يدل على تجميع | ⚠️ هيمنة حجم أيام النزول على الصعود (نسبة 0.7x) - ضغط بيعي
102,6013,التطويرية الغذائية,الخدمات الاستهلاكية,92.0,0.5,53.5,17.9,👀 متابعة,0.0,2.9,5.0,0.0,10.0,0.0,🕯️ شمعة انعكاسية صعودية (ذيل سفلي طويل + إغلاق قوي) خلال آخر 3 جلسات | 📐 ترتيب صاعد للمتوسطات: السعر > متوسط 50 > متوسط 100 يوم
103,4336,ملكية ريت,الصناديق العقارية المتداولة,4.47,-0.2,37.9,17.3,⚠️ تصريف/توزيع,15.0,1.1,6.1,5.0,0.0,10.0,📦 تدفق نقدي إيجابي مستمر (CMF≈+0.45) يدل على تجميع | 🕯️ شمعة انعكاسية صعودية (ذيل سفلي طويل + إغلاق قوي) خلال آخر 3 جلسات | 👀 السهم يقترب من اختراق قمة 20 جلسة | ⚠️ هيمنة حجم أيام النزول على الصعود (نسبة 0.0x) - ضغط بيعي
104,3080,أسمنت الشرقية,المواد الأساسية,25.16,-0.9,37.9,17.1,👀 متابعة,9.2,6.7,1.1,0.0,0.0,0.0,💧 حجم أيام الصعود أعلى من النزول بنسبة 1.3x خلال 10 جلسات
105,2280,المراعي,إنتاج الأغذية,49.26,2.2,56.2,17.0,⚠️ تصريف/توزيع,12.0,0.0,0.0,5.0,10.0,10.0,📦 تدفق نقدي إيجابي مستمر (CMF≈+0.10) يدل على تجميع | 👀 السهم يقترب من اختراق قمة 20 جلسة | 📐 ترتيب صاعد للمتوسطات: السعر > متوسط 50 > متوسط 100 يوم | ⚠️ هيمنة حجم أيام النزول على الصعود (نسبة 0.2x) - ضغط بيعي
106,3008,الكثيري,المواد الأساسية,1.21,-4.7,45.0,16.5,👀 متابعة,1.1,5.5,5.0,0.0,5.0,0.0,🕯️ شمعة انعكاسية صعودية (ذيل سفلي طويل + إغلاق قوي) خلال آخر 3 جلسات | 📐 السعر أعلى من المتوسط المتحرك 50 يوم
107,7010,اس تي سي,الاتصالات,44.38,0.4,49.1,16.1,⚠️ تصريف/توزيع,5.8,0.3,5.0,5.0,10.0,10.0,🕯️ شمعة انعكاسية صعودية (ذيل سفلي طويل + إغلاق قوي) خلال آخر 3 جلسات | 👀 السهم يقترب من اختراق قمة 20 جلسة | 📐 ترتيب صاعد للمتوسطات: السعر > متوسط 50 > متوسط 100 يوم | ⚠️ هيمنة حجم أيام النزول على الصعود (نسبة 0.1x) - ضغط بيعي
108,4001,أسواق ع العثيم,تجزئة وتوزيع السلع الاستهلاكية,4.99,0.2,48.0,15.6,👀 متابعة,4.2,12.0,0.0,5.0,0.0,5.6,💧 حجم أيام الصعود أعلى من النزول بنسبة 1.9x خلال 10 جلسات | ⚠️ تحذير تصريف: تدفق نقدي سلبي (CMF≈-0.06) رغم ارتفاع السعر مؤخراً
109,2350,كيان السعودية,المواد الأساسية,5.27,0.4,44.1,15.4,👀 متابعة,16.0,0.0,5.1,0.0,0.0,5.8,📦 تدفق نقدي إيجابي مستمر (CMF≈+0.08) يدل على تجميع | 📈 مؤشر OBV في صعود مستمر خلال 20 جلسة مع تماسك سعري هادئ (تجميع بصمت) | 🕯️ شمعة انعكاسية صعودية (ذيل سفلي طويل + إغلاق قوي) خلال آخر 3 جلسات | ⚠️ هيمنة حجم أيام النزول على الصعود (نسبة 0.5x) - ضغط بيعي
110,2290,ينساب,المواد الأساسية,34.08,0.3,56.5,14.2,👀 متابعة,2.9,0.5,0.0,5.0,10.0,4.3,👀 السهم يقترب من اختراق قمة 20 جلسة | 📐 ترتيب صاعد للمتوسطات: السعر > متوسط 50 > متوسط 100 يوم | ⚠️ هيمنة حجم أيام النزول على الصعود (نسبة 0.5x) - ضغط بيعي
111,4264,ناس,النقل,49.52,-0.4,41.4,13.9,👀 متابعة,0.0,2.5,6.4,5.0,0.0,0.0,🕯️ شمعة انعكاسية صعودية (ذيل سفلي طويل + إغلاق قوي) خلال آخر 3 جلسات | 👀 السهم يقترب من اختراق قمة 20 جلسة
112,4110,باتك,السلع الرأسمالية,2.02,-0.5,42.0,13.4,👀 متابعة,0.0,7.9,0.5,5.0,0.0,0.0,💧 حجم أيام الصعود أعلى من النزول بنسبة 1.3x خلال 10 جلسات | 👀 السهم يقترب من اختراق قمة 20 جلسة
113,1301,أسلاك,المواد الأساسية,18.7,-3.0,43.5,13.1,👀 متابعة,0.0,0.0,5.6,0.0,10.0,2.5,🕯️ شمعة انعكاسية صعودية (ذيل سفلي طويل + إغلاق قوي) خلال آخر 3 جلسات | 📐 ترتيب صاعد للمتوسطات: السعر > متوسط 50 > متوسط 100 يوم | ⚠️ هيمنة حجم أيام النزول على الصعود (نسبة 0.6x) - ضغط بيعي
114,4144,رؤوم,السلع الرأسمالية,75.75,1.8,67.1,13.0,⚠️ تصريف/توزيع,0.0,8.0,0.0,10.0,10.0,15.0,🔊 تسارع نشاط التداول: متوسط 5 أيام أعلى من متوسط 20 يوماً بـ1.2x | 👀 السهم يقترب من اختراق قمة 20 جلسة | 📐 ترتيب صاعد للمتوسطات: السعر > متوسط 50 > متوسط 100 يوم | ⚠️ تحذير تصريف: تدفق نقدي سلبي (CMF≈-0.21) رغم ارتفاع السعر مؤخراً
115,4070,تهامة,الإعلام والترفيه,21.07,-1.4,52.0,12.8,👀 متابعة,0.0,2.8,0.0,0.0,10.0,0.0,📐 ترتيب صاعد للمتوسطات: السعر > متوسط 50 > متوسط 100 يوم
116,6002,هرفي للأغذية,الخدمات الاستهلاكية,15.85,1.1,54.0,12.6,👀 متابعة,0.0,2.6,0.0,0.0,10.0,0.0,📐 ترتيب صاعد للمتوسطات: السعر > متوسط 50 > متوسط 100 يوم
117,3004,أسمنت الشمالية,المواد الأساسية,6.66,-6.3,26.2,12.6,👀 متابعة,12.7,0.0,3.0,0.0,0.0,3.2,📦 تدفق نقدي إيجابي مستمر (CMF≈+0.11) يدل على تجميع | ⏳ تشبع بيع واضح: RSI عند 26 (بانتظار تأكيد الارتداد) | ⚠️ هيمنة حجم أيام النزول على الصعود (نسبة 0.6x) - ضغط بيعي
118,3020,أسمنت اليمامة,المواد الأساسية,23.3,-0.5,35.5,12.4,⚠️ تصريف/توزيع,11.4,4.5,6.5,0.0,0.0,10.0,📦 تدفق نقدي إيجابي مستمر (CMF≈+0.10) يدل على تجميع | 🔊 تسارع نشاط التداول: متوسط 5 أيام أعلى من متوسط 20 يوماً بـ1.4x | 🕯️ شمعة انعكاسية صعودية (ذيل سفلي طويل + إغلاق قوي) خلال آخر 3 جلسات | ⚠️ هيمنة حجم أيام النزول على الصعود (نسبة 0.2x) - ضغط بيعي
119,4162,المنجم,تجزئة وتوزيع السلع الاستهلاكية,61.1,-0.7,43.8,11.7,👀 متابعة,0.0,1.5,5.2,5.0,0.0,0.0,🕯️ شمعة انعكاسية صعودية (ذيل سفلي طويل + إغلاق قوي) خلال آخر 3 جلسات
120,3090,أسمنت تبوك,المواد الأساسية,7.34,-0.1,40.6,11.5,⚠️ تصريف/توزيع,7.7,3.1,5.7,0.0,5.0,10.0,🕯️ شمعة انعكاسية صعودية (ذيل سفلي طويل + إغلاق قوي) خلال آخر 3 جلسات | 📐 السعر أعلى من المتوسط المتحرك 50 يوم | ⚠️ هيمنة حجم أيام النزول على الصعود (نسبة 0.0x) - ضغط بيعي
121,4337,العزيزية ريت,الصناديق العقارية المتداولة,4.67,-3.5,37.7,11.5,⚠️ تصريف/توزيع,15.0,0.4,6.2,0.0,0.0,10.0,📦 تدفق نقدي إيجابي مستمر (CMF≈+0.28) يدل على تجميع | 🕯️ شمعة انعكاسية صعودية (ذيل سفلي طويل + إغلاق قوي) خلال آخر 3 جلسات | ⚠️ هيمنة حجم أيام النزول على الصعود (نسبة 0.0x) - ضغط بيعي
122,4346,ميفك ريت,الصناديق العقارية المتداولة,3.3,0.3,42.7,11.3,⚠️ تصريف/توزيع,21.0,0.0,0.4,0.0,0.0,10.0,📦 تدفق نقدي إيجابي مستمر (CMF≈+0.36) يدل على تجميع | 📈 مؤشر OBV في صعود مستمر خلال 20 جلسة مع تماسك سعري هادئ (تجميع بصمت) | ⚠️ هيمنة حجم أيام النزول على الصعود (نسبة 0.0x) - ضغط بيعي
123,4260,بدجت السعودية,النقل,31.34,-2.4,45.2,11.2,⚠️ تصريف/توزيع,10.9,0.0,0.0,0.0,10.0,9.7,📦 تدفق نقدي إيجابي مستمر (CMF≈+0.12) يدل على تجميع | 📐 ترتيب صاعد للمتوسطات: السعر > متوسط 50 > متوسط 100 يوم | ⚠️ هيمنة حجم أيام النزول على الصعود (نسبة 0.3x) - ضغط بيعي
124,4150,التعمير,إدارة وتطوير العقارات,15.91,-0.4,40.5,10.7,⚠️ تصريف/توزيع,6.7,0.0,0.7,0.0,10.0,6.7,📐 ترتيب صاعد للمتوسطات: السعر > متوسط 50 > متوسط 100 يوم | ⚠️ هيمنة حجم أيام النزول على الصعود (نسبة 0.4x) - ضغط بيعي
125,3092,أسمنت الرياض,المواد الأساسية,23.26,0.0,53.7,10.7,⚠️ تصريف/توزيع,0.0,5.7,0.0,5.0,10.0,10.0,🔊 تسارع نشاط التداول: متوسط 5 أيام أعلى من متوسط 20 يوماً بـ1.5x | 👀 السهم يقترب من اختراق قمة 20 جلسة | 📐 ترتيب صاعد للمتوسطات: السعر > متوسط 50 > متوسط 100 يوم | ⚠️ هيمنة حجم أيام النزول على الصعود (نسبة 0.3x) - ضغط بيعي
126,2285,المطاحن العربية,إنتاج الأغذية,42.18,-0.6,47.0,10.4,👀 متابعة,2.9,1.1,5.0,5.0,0.0,3.6,🕯️ شمعة انعكاسية صعودية (ذيل سفلي طويل + إغلاق قوي) خلال آخر 3 جلسات | 👀 السهم يقترب من اختراق قمة 20 جلسة | ⚠️ هيمنة حجم أيام النزول على الصعود (نسبة 0.6x) - ضغط بيعي
127,4009,السعودي الألماني الصحية,الرعاية الصحية,32.8,1.3,54.6,9.7,👀 متابعة,5.0,0.1,0.0,0.0,10.0,5.5,📐 ترتيب صاعد للمتوسطات: السعر > متوسط 50 > متوسط 100 يوم | ⚠️ هيمنة حجم أيام النزول على الصعود (نسبة 0.5x) - ضغط بيعي
128,1834,سماسكو,الخدمات التجارية والمهنية,5.77,-2.2,41.0,9.7,⚠️ تصريف/توزيع,16.8,0.0,0.6,0.0,0.0,7.7,📦 تدفق نقدي إيجابي مستمر (CMF≈+0.11) يدل على تجميع | 📈 مؤشر OBV في صعود مستمر خلال 20 جلسة مع تماسك سعري هادئ (تجميع بصمت) | ⚠️ هيمنة حجم أيام النزول على الصعود (نسبة 0.4x) - ضغط بيعي
129,2310,سبكيم العالمية,المواد الأساسية,13.23,-1.0,33.1,9.6,⚠️ تصريف/توزيع,7.8,4.9,6.9,0.0,0.0,10.0,📦 تدفق نقدي إيجابي مستمر (CMF≈+0.06) يدل على تجميع | 🔊 تسارع نشاط التداول: متوسط 5 أيام أعلى من متوسط 20 يوماً بـ1.4x | 🕯️ شمعة انعكاسية صعودية (ذيل سفلي طويل + إغلاق قوي) خلال آخر 3 جلسات | ⚠️ هيمنة حجم أيام النزول على الصعود (نسبة 0.2x) - ضغط بيعي
130,4030,البحري,الطاقة,35.22,-4.8,43.2,9.5,⚠️ تصريف/توزيع,9.2,0.0,0.3,0.0,10.0,10.0,📦 تدفق نقدي إيجابي مستمر (CMF≈+0.08) يدل على تجميع | 📐 ترتيب صاعد للمتوسطات: السعر > متوسط 50 > متوسط 100 يوم | ⚠️ هيمنة حجم أيام النزول على الصعود (نسبة 0.1x) - ضغط بيعي
131,2081,الخريف,المرافق العامة,97.35,-3.3,24.3,9.5,⚠️ تصريف/توزيع,0.1,7.8,8.3,0.0,0.0,6.8,🔊 تسارع نشاط التداول: متوسط 5 أيام أعلى من متوسط 20 يوماً بـ1.8x | ⏳ تشبع بيع واضح: RSI عند 24 (بانتظار تأكيد الارتداد) | 🕯️ شمعة انعكاسية صعودية (ذيل سفلي طويل + إغلاق قوي) خلال آخر 3 جلسات | ⚠️ هيمنة حجم أيام النزول على الصعود (نسبة 0.4x) - ضغط بيعي
132,2282,نقي,إنتاج الأغذية,56.25,-0.1,51.4,9.0,👀 متابعة,3.6,0.5,0.0,5.0,5.0,5.1,👀 السهم يقترب من اختراق قمة 20 جلسة | 📐 السعر أعلى من المتوسط المتحرك 50 يوم | ⚠️ هيمنة حجم أيام النزول على الصعود (نسبة 0.5x) - ضغط بيعي
133,3050,أسمنت الجنوب,المواد الأساسية,19.45,-0.4,41.8,9.0,⚠️ تصريف/توزيع,7.7,0.8,0.5,0.0,10.0,10.0,📦 تدفق نقدي إيجابي مستمر (CMF≈+0.05) يدل على تجميع | 📐 ترتيب صاعد للمتوسطات: السعر > متوسط 50 > متوسط 100 يوم | ⚠️ هيمنة حجم أيام النزول على الصعود (نسبة 0.1x) - ضغط بيعي
134,4015,جمجوم فارما,الأدوية,136.8,-2.8,31.4,8.8,🔄 ارتداد من تشبع بيع,0.0,4.1,10.4,0.0,0.0,5.7,🔊 تسارع نشاط التداول: متوسط 5 أيام أعلى من متوسط 20 يوماً بـ1.3x | 🔄 ارتداد من تشبع بيع: RSI عند 31 ويتجه للصعود | 🕯️ شمعة انعكاسية صعودية (ذيل سفلي طويل + إغلاق قوي) خلال آخر 3 جلسات | ⚠️ هيمنة حجم أيام النزول على الصعود (نسبة 0.5x) - ضغط بيعي
135,4322,رتال,إدارة وتطوير العقارات,9.69,-2.9,39.1,8.7,⚠️ تصريف/توزيع,0.0,8.0,7.3,0.0,0.0,6.7,🔊 تسارع نشاط التداول: متوسط 5 أيام أعلى من متوسط 20 يوماً بـ1.9x | 🔄 ارتداد من تشبع بيع: RSI عند 39 ويتجه للصعود | 🕯️ شمعة انعكاسية صعودية (ذيل سفلي طويل + إغلاق قوي) خلال آخر 3 جلسات | ⚠️ هيمنة حجم أيام النزول على الصعود (نسبة 0.4x) - ضغط بيعي
136,4325,مسار,إدارة وتطوير العقارات,17.08,-6.6,25.1,8.5,⚠️ تصريف/توزيع,2.5,8.0,8.0,0.0,0.0,10.0,🔊 تسارع نشاط التداول: متوسط 5 أيام أعلى من متوسط 20 يوماً بـ2.7x | 🔄 ارتداد من تشبع بيع: RSI عند 25 ويتجه للصعود | ⚠️ هيمنة حجم أيام النزول على الصعود (نسبة 0.3x) - ضغط بيعي
137,7200,ام آي اس,التطبيقات وخدمات التقنية,294.2,-8.0,40.6,7.9,👀 متابعة,5.5,1.7,0.7,0.0,0.0,0.0,لا توجد إشارات
138,4011,لازوردي,السلع طويلة الأجل,10.53,-2.0,30.6,7.9,👀 متابعة,2.4,3.1,2.3,0.0,0.0,0.0,لا توجد إشارات
139,1832,صدر,الخدمات التجارية والمهنية,2.51,-2.3,37.1,7.6,⚠️ تصريف/توزيع,14.7,1.6,1.3,0.0,0.0,10.0,📦 تدفق نقدي إيجابي مستمر (CMF≈+0.19) يدل على تجميع | ⚠️ هيمنة حجم أيام النزول على الصعود (نسبة 0.3x) - ضغط بيعي
140,1210,بي سي آي,المواد الأساسية,25.1,-0.5,44.8,7.2,👀 متابعة,0.0,2.8,5.1,5.0,0.0,5.7,🕯️ شمعة انعكاسية صعودية (ذيل سفلي طويل + إغلاق قوي) خلال آخر 3 جلسات | 👀 السهم يقترب من اختراق قمة 20 جلسة | ⚠️ هيمنة حجم أيام النزول على الصعود (نسبة 0.5x) - ضغط بيعي
141,4290,الخليج للتدريب,الخدمات الاستهلاكية,14.56,-1.8,38.1,7.1,👀 متابعة,0.0,6.0,1.1,0.0,0.0,0.0,لا توجد إشارات
142,7202,سلوشنز,التطبيقات وخدمات التقنية,211.7,2.6,51.4,6.6,⚠️ تصريف/توزيع,9.8,0.9,0.0,0.0,5.0,9.1,📦 تدفق نقدي إيجابي مستمر (CMF≈+0.10) يدل على تجميع | 📐 السعر أعلى من المتوسط المتحرك 50 يوم | ⚠️ هيمنة حجم أيام النزول على الصعود (نسبة 0.3x) - ضغط بيعي
143,4192,السيف غاليري,تجزئة السلع الكمالية,6.33,-2.9,26.3,6.5,⚠️ تصريف/توزيع,5.5,8.0,3.0,0.0,0.0,10.0,🔊 تسارع نشاط التداول: متوسط 5 أيام أعلى من متوسط 20 يوماً بـ3.0x | ⏳ تشبع بيع واضح: RSI عند 26 (بانتظار تأكيد الارتداد) | ⚠️ هيمنة حجم أيام النزول على الصعود (نسبة 0.3x) - ضغط بيعي
144,4324,بنان,إدارة وتطوير العقارات,2.91,-3.6,26.2,6.0,⚠️ تصريف/توزيع,0.0,8.0,8.0,0.0,0.0,10.0,🔊 تسارع نشاط التداول: متوسط 5 أيام أعلى من متوسط 20 يوماً بـ2.1x | ⏳ تشبع بيع واضح: RSI عند 26 (بانتظار تأكيد الارتداد) | 🕯️ شمعة انعكاسية صعودية (ذيل سفلي طويل + إغلاق قوي) خلال آخر 3 جلسات | ⚠️ هيمنة حجم أيام النزول على الصعود (نسبة 0.3x) - ضغط بيعي
145,2230,الكيميائية,الرعاية الصحية,7.78,-0.8,37.9,5.9,⚠️ تصريف/توزيع,5.8,1.3,6.1,0.0,0.0,7.3,🕯️ شمعة انعكاسية صعودية (ذيل سفلي طويل + إغلاق قوي) خلال آخر 3 جلسات | ⚠️ هيمنة حجم أيام النزول على الصعود (نسبة 0.4x) - ضغط بيعي
146,4331,الجزيرة ريت,الصناديق العقارية المتداولة,11.3,0.1,48.1,5.9,⚠️ تصريف/توزيع,3.9,12.0,0.0,0.0,5.0,15.0,💧 حجم أيام الصعود أعلى من النزول بنسبة 1.8x خلال 10 جلسات | 📐 السعر أعلى من المتوسط المتحرك 50 يوم | ⚠️ تحذير تصريف: تدفق نقدي سلبي (CMF≈-0.25) رغم ارتفاع السعر مؤخراً
147,4170,شمس,الخدمات الاستهلاكية,14.41,-1.7,40.7,5.6,👀 متابعة,0.0,3.8,1.7,0.0,0.0,0.0,لا توجد إشارات
148,2250,المجموعة السعودية,المواد الأساسية,12.36,-0.7,39.3,5.3,👀 متابعة,0.0,3.9,5.9,0.0,0.0,4.5,🔊 تسارع نشاط التداول: متوسط 5 أيام أعلى من متوسط 20 يوماً بـ1.3x | 🕯️ شمعة انعكاسية صعودية (ذيل سفلي طويل + إغلاق قوي) خلال آخر 3 جلسات | ⚠️ هيمنة حجم أيام النزول على الصعود (نسبة 0.5x) - ضغط بيعي
149,4020,العقارية,إدارة وتطوير العقارات,15.47,-0.8,35.2,5.3,⚠️ تصريف/توزيع,8.8,1.2,1.6,0.0,0.0,6.2,📦 تدفق نقدي إيجابي مستمر (CMF≈+0.08) يدل على تجميع | ⚠️ هيمنة حجم أيام النزول على الصعود (نسبة 0.5x) - ضغط بيعي
150,2320,البابطين,السلع الرأسمالية,61.45,2.4,57.0,5.0,⚠️ تصريف/توزيع,0.0,0.0,5.0,0.0,10.0,10.0,🕯️ شمعة انعكاسية صعودية (ذيل سفلي طويل + إغلاق قوي) خلال آخر 3 جلسات | 📐 ترتيب صاعد للمتوسطات: السعر > متوسط 50 > متوسط 100 يوم | ⚠️ هيمنة حجم أيام النزول على الصعود (نسبة 0.3x) - ضغط بيعي
151,2010,سابك,المواد الأساسية,49.82,-1.2,30.1,4.7,⚠️ تصريف/توزيع,5.0,2.4,7.4,0.0,0.0,10.0,🕯️ شمعة انعكاسية صعودية (ذيل سفلي طويل + إغلاق قوي) خلال آخر 3 جلسات | ⚠️ هيمنة حجم أيام النزول على الصعود (نسبة 0.2x) - ضغط بيعي
152,4164,النهدي,تجزئة وتوزيع السلع الاستهلاكية,92.55,-1.4,31.8,3.6,👀 متابعة,0.0,1.5,2.1,0.0,0.0,0.0,لا توجد إشارات
153,4003,إكسترا,تجزئة السلع الكمالية,65.7,-0.7,41.5,3.5,⚠️ تصريف/توزيع,0.0,1.7,5.6,0.0,5.0,8.8,🕯️ شمعة انعكاسية صعودية (ذيل سفلي طويل + إغلاق قوي) خلال آخر 3 جلسات | 📐 السعر أعلى من المتوسط المتحرك 50 يوم | ⚠️ هيمنة حجم أيام النزول على الصعود (نسبة 0.3x) - ضغط بيعي
154,4142,كابلات الرياض,السلع الرأسمالية,105.7,-2.4,39.8,3.1,👀 متابعة,0.0,0.8,5.8,0.0,0.0,3.6,🕯️ شمعة انعكاسية صعودية (ذيل سفلي طويل + إغلاق قوي) خلال آخر 3 جلسات | ⚠️ هيمنة حجم أيام النزول على الصعود (نسبة 0.6x) - ضغط بيعي
155,4349,الإنماء ريت الفندقي,الصناديق العقارية المتداولة,7.69,-1.9,32.6,3.1,⚠️ تصريف/توزيع,3.1,0.0,10.0,0.0,0.0,10.0,🔄 ارتداد من تشبع بيع: RSI عند 33 ويتجه للصعود | 🕯️ شمعة انعكاسية صعودية (ذيل سفلي طويل + إغلاق قوي) خلال آخر 3 جلسات | ⚠️ هيمنة حجم أيام النزول على الصعود (نسبة 0.0x) - ضغط بيعي
156,2030,المصافي,الطاقة,50.65,0.7,44.2,3.1,👀 متابعة,0.7,2.3,0.1,0.0,0.0,0.0,لا توجد إشارات
157,1182,أملاك,الخدمات المالية,8.75,-2.0,28.3,2.7,⚠️ تصريف/توزيع,1.9,0.0,7.7,0.0,0.0,6.8,⏳ تشبع بيع واضح: RSI عند 28 (بانتظار تأكيد الارتداد) | 🕯️ شمعة انعكاسية صعودية (ذيل سفلي طويل + إغلاق قوي) خلال آخر 3 جلسات | ⚠️ هيمنة حجم أيام النزول على الصعود (نسبة 0.4x) - ضغط بيعي
158,6001,حلواني إخوان,إنتاج الأغذية,32.12,0.1,45.6,2.7,👀 متابعة,1.1,1.5,0.0,0.0,0.0,0.0,لا توجد إشارات
159,4083,تسهيل,الخدمات المالية,30.22,-5.3,32.2,2.7,⚠️ تصريف/توزيع,10.6,0.0,2.0,0.0,0.0,10.0,📦 تدفق نقدي إيجابي مستمر (CMF≈+0.11) يدل على تجميع | ⚠️ هيمنة حجم أيام النزول على الصعود (نسبة 0.1x) - ضغط بيعي
160,2382,أديس,الطاقة,18.27,-5.1,41.2,2.5,👀 متابعة,0.0,0.0,6.5,0.0,0.0,4.0,🕯️ شمعة انعكاسية صعودية (ذيل سفلي طويل + إغلاق قوي) خلال آخر 3 جلسات | ⚠️ هيمنة حجم أيام النزول على الصعود (نسبة 0.5x) - ضغط بيعي
161,1212,أسترا الصناعية,السلع الرأسمالية,135.5,-2.4,29.2,2.4,⚠️ تصريف/توزيع,9.9,0.0,2.5,0.0,0.0,10.0,⏳ تشبع بيع واضح: RSI عند 29 (بانتظار تأكيد الارتداد) | ⚠️ هيمنة حجم أيام النزول على الصعود (نسبة 0.0x) - ضغط بيعي
162,4200,الدريس,الطاقة,117.7,-1.6,38.3,2.3,⚠️ تصريف/توزيع,5.2,6.1,1.1,0.0,0.0,10.0,🔊 تسارع نشاط التداول: متوسط 5 أيام أعلى من متوسط 20 يوماً بـ1.6x | ⚠️ هيمنة حجم أيام النزول على الصعود (نسبة 0.1x) - ضغط بيعي
163,4180,مجموعة فتيحي,السلع طويلة الأجل,2.43,-2.8,41.0,1.5,⚠️ تصريف/توزيع,8.2,0.0,1.6,0.0,0.0,8.2,📦 تدفق نقدي إيجابي مستمر (CMF≈+0.06) يدل على تجميع | ⚠️ هيمنة حجم أيام النزول على الصعود (نسبة 0.4x) - ضغط بيعي
164,4006,أسواق المزرعة,تجزئة وتوزيع السلع الاستهلاكية,12.22,-1.1,35.8,1.3,⚠️ تصريف/توزيع,0.0,4.8,6.5,0.0,0.0,10.0,🔊 تسارع نشاط التداول: متوسط 5 أيام أعلى من متوسط 20 يوماً بـ1.4x | 🕯️ شمعة انعكاسية صعودية (ذيل سفلي طويل + إغلاق قوي) خلال آخر 3 جلسات | ⚠️ هيمنة حجم أيام النزول على الصعود (نسبة 0.2x) - ضغط بيعي
165,4071,العربية,الإعلام والترفيه,62.15,-3.3,23.0,1.1,⚠️ تصريف/توزيع,0.0,2.6,8.5,0.0,0.0,10.0,⏳ تشبع بيع واضح: RSI عند 23 (بانتظار تأكيد الارتداد) | 🕯️ شمعة انعكاسية صعودية (ذيل سفلي طويل + إغلاق قوي) خلال آخر 3 جلسات | ⚠️ هيمنة حجم أيام النزول على الصعود (نسبة 0.1x) - ضغط بيعي
166,4333,تعليم ريت,الصناديق العقارية المتداولة,10.42,-1.7,36.4,0.9,⚠️ تصريف/توزيع,9.5,0.0,1.4,0.0,0.0,10.0,📦 تدفق نقدي إيجابي مستمر (CMF≈+0.09) يدل على تجميع | ⚠️ هيمنة حجم أيام النزول على الصعود (نسبة 0.0x) - ضغط بيعي
167,2340,ارتيكس,السلع طويلة الأجل,11.28,-1.1,37.7,0.8,⚠️ تصريف/توزيع,2.2,0.0,6.2,0.0,0.0,7.5,🕯️ شمعة انعكاسية صعودية (ذيل سفلي طويل + إغلاق قوي) خلال آخر 3 جلسات | ⚠️ هيمنة حجم أيام النزول على الصعود (نسبة 0.4x) - ضغط بيعي
168,3003,أسمنت المدينة,المواد الأساسية,10.21,-0.1,44.1,0.7,⚠️ تصريف/توزيع,0.0,0.0,0.1,5.0,5.0,9.5,👀 السهم يقترب من اختراق قمة 20 جلسة | 📐 السعر أعلى من المتوسط المتحرك 50 يوم | ⚠️ هيمنة حجم أيام النزول على الصعود (نسبة 0.3x) - ضغط بيعي
169,2170,اللجين,المواد الأساسية,27.12,-2.9,32.0,0.1,⚠️ تصريف/توزيع,0.0,1.9,7.1,0.0,0.0,8.8,🕯️ شمعة انعكاسية صعودية (ذيل سفلي طويل + إغلاق قوي) خلال آخر 3 جلسات | ⚠️ هيمنة حجم أيام النزول على الصعود (نسبة 0.3x) - ضغط بيعي
170,1211,معادن,المواد الأساسية,66.8,-4.0,32.9,0.0,⚠️ تصريف/توزيع,0.0,0.0,6.9,0.0,0.0,10.0,🕯️ شمعة انعكاسية صعودية (ذيل سفلي طويل + إغلاق قوي) خلال آخر 3 جلسات | ⚠️ هيمنة حجم أيام النزول على الصعود (نسبة 0.2x) - ضغط بيعي
171,2050,مجموعة صافولا,إنتاج الأغذية,25.92,-0.1,44.3,0.0,⚠️ تصريف/توزيع,0.0,0.0,0.1,0.0,0.0,10.0,⚠️ هيمنة حجم أيام النزول على الصعود (نسبة 0.2x) - ضغط بيعي
172,3002,أسمنت نجران,المواد الأساسية,5.57,-0.7,37.5,0.0,⚠️ تصريف/توزيع,0.0,3.5,1.2,0.0,0.0,10.0,🔊 تسارع نشاط التداول: متوسط 5 أيام أعلى من متوسط 20 يوماً بـ1.2x | ⚠️ هيمنة حجم أيام النزول على الصعود (نسبة 0.0x) - ضغط بيعي
173,2380,بترو رابغ,الطاقة,16.89,-6.2,40.4,0.0,⚠️ تصريف/توزيع,0.0,0.2,0.7,0.0,0.0,10.0,⚠️ هيمنة حجم أيام النزول على الصعود (نسبة 0.1x) - ضغط بيعي
174,2287,إنتاج,إنتاج الأغذية,22.99,-2.1,36.6,0.0,⚠️ تصريف/توزيع,0.0,0.8,1.3,0.0,0.0,10.0,⚠️ هيمنة حجم أيام النزول على الصعود (نسبة 0.1x) - ضغط بيعي
175,2330,المتقدمة,المواد الأساسية,23.92,-3.8,27.0,0.0,⚠️ تصريف/توزيع,0.0,0.0,7.9,0.0,0.0,9.1,⏳ تشبع بيع واضح: RSI عند 27 (بانتظار تأكيد الارتداد) | 🕯️ شمعة انعكاسية صعودية (ذيل سفلي طويل + إغلاق قوي) خلال آخر 3 جلسات | ⚠️ هيمنة حجم أيام النزول على الصعود (نسبة 0.3x) - ضغط بيعي
176,2220,معدنية,المواد الأساسية,12.26,-3.6,32.6,0.0,⚠️ تصريف/توزيع,0.0,0.2,2.0,0.0,0.0,10.0,⚠️ هيمنة حجم أيام النزول على الصعود (نسبة 0.2x) - ضغط بيعي
177,2281,تنمية,إنتاج الأغذية,62.75,-2.1,44.8,0.0,👀 متابعة,1.4,0.0,0.1,0.0,0.0,4.9,⚠️ هيمنة حجم أيام النزول على الصعود (نسبة 0.5x) - ضغط بيعي
178,2060,التصنيع,المواد الأساسية,8.97,-7.1,20.3,0.0,⚠️ تصريف/توزيع,0.0,0.0,3.9,0.0,0.0,9.4,⏳ تشبع بيع واضح: RSI عند 20 (بانتظار تأكيد الارتداد) | ⚠️ هيمنة حجم أيام النزول على الصعود (نسبة 0.3x) - ضغط بيعي
179,2070,الدوائية,الأدوية,30.36,-2.1,32.5,0.0,⚠️ تصريف/توزيع,4.6,2.1,2.0,0.0,0.0,10.0,⚠️ هيمنة حجم أيام النزول على الصعود (نسبة 0.3x) - ضغط بيعي
180,2040,الخزف السعودي,السلع الرأسمالية,25.42,-2.1,33.1,0.0,👀 متابعة,0.0,0.0,1.9,0.0,0.0,3.9,⚠️ هيمنة حجم أيام النزول على الصعود (نسبة 0.5x) - ضغط بيعي
181,1322,آماك,المواد الأساسية,83.55,-5.3,29.1,0.0,⚠️ تصريف/توزيع,0.8,0.1,7.5,0.0,0.0,10.0,⏳ تشبع بيع واضح: RSI عند 29 (بانتظار تأكيد الارتداد) | 🕯️ شمعة انعكاسية صعودية (ذيل سفلي طويل + إغلاق قوي) خلال آخر 3 جلسات | ⚠️ هيمنة حجم أيام النزول على الصعود (نسبة 0.1x) - ضغط بيعي
182,1820,بان,الخدمات الاستهلاكية,2.06,-5.9,42.3,0.0,⚠️ تصريف/توزيع,0.0,0.0,5.4,0.0,0.0,10.0,🕯️ شمعة انعكاسية صعودية (ذيل سفلي طويل + إغلاق قوي) خلال آخر 3 جلسات | ⚠️ هيمنة حجم أيام النزول على الصعود (نسبة 0.3x) - ضغط بيعي
183,1830,لجام للرياضة,الخدمات الاستهلاكية,77.8,-3.2,22.8,0.0,⚠️ تصريف/توزيع,0.0,0.0,3.6,0.0,0.0,10.0,⏳ تشبع بيع واضح: RSI عند 23 (بانتظار تأكيد الارتداد) | ⚠️ هيمنة حجم أيام النزول على الصعود (نسبة 0.1x) - ضغط بيعي
184,2090,جبسكو,المواد الأساسية,13.38,-2.4,32.1,0.0,⚠️ تصريف/توزيع,1.2,1.7,2.1,0.0,0.0,10.0,⚠️ هيمنة حجم أيام النزول على الصعود (نسبة 0.1x) - ضغط بيعي
185,3007,الواحة,المواد الأساسية,2.78,-3.5,35.6,0.0,⚠️ تصريف/توزيع,0.0,0.0,6.5,0.0,0.0,7.9,🕯️ شمعة انعكاسية صعودية (ذيل سفلي طويل + إغلاق قوي) خلال آخر 3 جلسات | ⚠️ هيمنة حجم أيام النزول على الصعود (نسبة 0.4x) - ضغط بيعي
186,3030,أسمنت السعودية,المواد الأساسية,28.6,-0.7,38.8,0.0,⚠️ تصريف/توزيع,0.0,3.1,1.0,0.0,0.0,10.0,⚠️ هيمنة حجم أيام النزول على الصعود (نسبة 0.2x) - ضغط بيعي
187,4013,سليمان الحبيب,الرعاية الصحية,235.3,-2.0,33.0,0.0,⚠️ تصريف/توزيع,2.2,1.1,1.9,0.0,0.0,10.0,⚠️ هيمنة حجم أيام النزول على الصعود (نسبة 0.2x) - ضغط بيعي
188,4163,الدواء,تجزئة وتوزيع السلع الاستهلاكية,38.62,-1.0,36.7,0.0,⚠️ تصريف/توزيع,0.0,2.4,6.3,0.0,0.0,10.0,🕯️ شمعة انعكاسية صعودية (ذيل سفلي طويل + إغلاق قوي) خلال آخر 3 جلسات | ⚠️ هيمنة حجم أيام النزول على الصعود (نسبة 0.1x) - ضغط بيعي
189,4143,تالكو,السلع الرأسمالية,34.94,-2.1,41.0,0.0,⚠️ تصريف/توزيع,0.0,0.0,5.6,0.0,0.0,10.0,🕯️ شمعة انعكاسية صعودية (ذيل سفلي طويل + إغلاق قوي) خلال آخر 3 جلسات | ⚠️ هيمنة حجم أيام النزول على الصعود (نسبة 0.1x) - ضغط بيعي
190,4050,ساسكو,تجزئة السلع الكمالية,42.0,-1.6,43.7,0.0,⚠️ تصريف/توزيع,0.0,1.2,0.2,0.0,0.0,10.0,⚠️ هيمنة حجم أيام النزول على الصعود (نسبة 0.3x) - ضغط بيعي
191,3005,أسمنت أم القرى,المواد الأساسية,12.3,-1.0,38.6,0.0,⚠️ تصريف/توزيع,0.8,0.0,2.5,0.0,0.0,6.6,🔄 ارتداد من تشبع بيع: RSI عند 39 ويتجه للصعود | ⚠️ هيمنة حجم أيام النزول على الصعود (نسبة 0.4x) - ضغط بيعي
192,4007,الحمادي,الرعاية الصحية,25.14,-1.7,41.0,0.0,⚠️ تصريف/توزيع,0.0,0.0,5.6,0.0,0.0,10.0,🕯️ شمعة انعكاسية صعودية (ذيل سفلي طويل + إغلاق قوي) خلال آخر 3 جلسات | ⚠️ هيمنة حجم أيام النزول على الصعود (نسبة 0.3x) - ضغط بيعي
193,4008,ساكو,تجزئة السلع الكمالية,20.94,-0.4,43.3,0.0,⚠️ تصريف/توزيع,0.0,0.0,5.7,0.0,0.0,9.6,🕯️ شمعة انعكاسية صعودية (ذيل سفلي طويل + إغلاق قوي) خلال آخر 3 جلسات | ⚠️ هيمنة حجم أيام النزول على الصعود (نسبة 0.3x) - ضغط بيعي
194,4014,دار المعدات,الرعاية الصحية,28.3,-0.3,46.1,0.0,⚠️ تصريف/توزيع,0.0,0.0,0.0,0.0,10.0,10.0,📐 ترتيب صاعد للمتوسطات: السعر > متوسط 50 > متوسط 100 يوم | ⚠️ هيمنة حجم أيام النزول على الصعود (نسبة 0.1x) - ضغط بيعي
195,4291,الوطنية للتعليم,الخدمات الاستهلاكية,141.8,1.5,40.4,0.0,⚠️ تصريف/توزيع,8.5,0.0,0.7,0.0,0.0,10.0,📦 تدفق نقدي إيجابي مستمر (CMF≈+0.07) يدل على تجميع | ⚠️ هيمنة حجم أيام النزول على الصعود (نسبة 0.1x) - ضغط بيعي
196,4250,جبل عمر,إدارة وتطوير العقارات,18.21,-4.2,32.8,0.0,⚠️ تصريف/توزيع,2.7,0.6,2.0,0.0,0.0,10.0,⚠️ هيمنة حجم أيام النزول على الصعود (نسبة 0.3x) - ضغط بيعي
197,4262,لومي,النقل,27.98,-2.0,35.5,0.0,⚠️ تصريف/توزيع,0.0,6.1,1.5,0.0,0.0,9.4,🔊 تسارع نشاط التداول: متوسط 5 أيام أعلى من متوسط 20 يوماً بـ1.6x | ⚠️ هيمنة حجم أيام النزول على الصعود (نسبة 0.3x) - ضغط بيعي
198,4230,البحر الأحمر,إدارة وتطوير العقارات,23.51,-2.3,33.6,0.0,👀 متابعة,0.0,0.0,1.8,0.0,0.0,5.7,⚠️ هيمنة حجم أيام النزول على الصعود (نسبة 0.5x) - ضغط بيعي
199,4240,سينومي ريتيل,تجزئة السلع الكمالية,17.31,-2.8,47.3,0.0,⚠️ تصريف/توزيع,0.1,11.5,0.0,0.0,0.0,15.0,💧 حجم أيام الصعود أعلى من النزول بنسبة 1.4x خلال 10 جلسات | ⚠️ تحذير تصريف: تدفق نقدي سلبي (CMF≈-0.21) رغم ارتفاع السعر مؤخراً
200,4263,سال,النقل,164.3,-2.7,23.5,0.0,⚠️ تصريف/توزيع,0.0,4.8,3.4,0.0,0.0,10.0,🔊 تسارع نشاط التداول: متوسط 5 أيام أعلى من متوسط 20 يوماً بـ1.4x | ⏳ تشبع بيع واضح: RSI عند 23 (بانتظار تأكيد الارتداد) | ⚠️ هيمنة حجم أيام النزول على الصعود (نسبة 0.2x) - ضغط بيعي
201,6014,الآمار,الخدمات الاستهلاكية,42.0,-0.3,44.9,0.0,⚠️ تصريف/توزيع,5.2,0.0,0.0,0.0,0.0,10.0,⚠️ هيمنة حجم أيام النزول على الصعود (نسبة 0.1x) - ضغط بيعي
202,4345,الإنماء ريت للتجزئة,الصناديق العقارية المتداولة,4.69,0.0,54.0,0.0,⚠️ تصريف/توزيع,0.0,0.0,0.0,5.0,5.0,23.0,👀 السهم يقترب من اختراق قمة 20 جلسة | 📐 السعر أعلى من المتوسط المتحرك 50 يوم | ⚠️ تحذير تصريف: تدفق نقدي سلبي (CMF≈-0.17) رغم ارتفاع السعر مؤخراً | ⚠️ هيمنة حجم أيام النزول على الصعود (نسبة 0.1x) - ضغط بيعي
203,6004,كاتريون,الخدمات التجارية والمهنية,70.95,-2.0,32.2,0.0,⚠️ تصريف/توزيع,0.0,3.9,2.0,0.0,0.0,10.0,🔊 تسارع نشاط التداول: متوسط 5 أيام أعلى من متوسط 20 يوماً بـ1.3x | ⚠️ هيمنة حجم أيام النزول على الصعود (نسبة 0.1x) - ضغط بيعي
